Molecule ChEMBL ID,Smiles,Molecular Weight,AlogP,Standard Value,pIC50 Value,cid
CHEMBL85576,CCc1nc(N)nc(N)c1-c1ccc(Cl)c(/N=N/N(CCOC(=O)C(C)C)Cc2ccccc2)c1,496.02,5.22,660,6.180456064,11071072
CHEMBL141708,COc1ccc(/C=C/c2cnc3nc(N)nc(N)c3c2)cc1OC,323.36,2.38,1399.863333,5.853914362,6474985
CHEMBL34293,COc1ccc(C#Cc2ccc(C(=O)O)cc2)cc1Cc1cnc(N)nc1N,374.4,2.34,340,6.468521083,5271423
CHEMBL190807,Nc1nc(N)c2nc(CN3c4ccccc4C=Cc4c(C#CCC(=O)O)cccc43)cnc2n1,449.47,3.23,100,7,44398535
CHEMBL189012,Nc1nc(N)c2nc(CN3c4ccccc4C=Cc4c(C#CCCCC(=O)O)cccc43)cnc2n1,477.53,4.01,21,7.677780705,44398582
CHEMBL85188,CCc1nc(N)nc(N)c1-c1ccc(Cl)c(/N=N/N(CCOC(C)=O)Cc2ccc(C)cc2)c1,481.99,4.9,630,6.200659451,487344
CHEMBL34378,COc1ccc(C#Cc2ccccc2C(=O)O)cc1Cc1cnc(N)nc1N,374.4,2.34,1900,5.721246399,5271421
CHEMBL300419,COc1cc(Cc2cnc(N)nc2N)cc(C#CCCCC(=O)O)c1OC,370.41,1.86,34,7.468521083,5271440
CHEMBL3901807,Cc1nc(N)nc(N)c1CN1CCN(c2cccc(-c3cccc(C#N)c3)c2)CC1,399.5,2.81,200,6.698970004,134135190
CHEMBL3940818,Cc1nc(N)nc(N)c1C(=O)N1CCN(c2cccc(-c3cccc(C#N)c3)c2)CC1,413.49,2.45,3000,5.522878745,134146078
CHEMBL223301,COc1cc([C@@H](C)C#Cc2c(C)nc(N)nc2N)cc(OC)c1OC,342.4,2.13,1.4,8.853871964,16110344
CHEMBL164845,Nc1nc(N)c2c(/C=C/c3ccccc3)cccc2n1,262.32,2.96,1200,5.920818754,6532431
CHEMBL355151,Nc1nc(N)c2c(C#Cc3ccccc3)cccc2n1,260.3,2.19,30000,4.522878745,490663
CHEMBL220937,COc1cc(C(C#Cc2c(C)nc(N)nc2N)OC)cc(OC)c1OC,358.4,1.71,550,6.259637311,16110341
CHEMBL88004,CCc1nc(N)nc(N)c1-c1ccc(Cl)c(/N=N/N(CCOC(C)=O)Cc2cccc([N+](=O)[O-])c2)c1,512.96,4.5,830,6.080921908,487346
CHEMBL87013,CCc1nc(N)nc(N)c1-c1ccc(Cl)c(/N=N/N(CCOC(=O)c2ccccc2)Cc2ccccc2)c1,530.03,5.88,220,6.657577319,487331
CHEMBL80123,Nc1nc(N)c2cc(/C=C/C(=O)Oc3ccccc3)ccc2n1,306.32,2.41,189,6.723538196,6476138
CHEMBL87383,CCc1nc(N)nc(N)c1-c1ccc(Cl)c(/N=N/N(CCOC(C)=O)Cc2cc(OC)c(OC)c(OC)c2)c1,558.04,4.61,70,7.15490196,487335
CHEMBL53872,C#CCN(Cc1ccc2nc(N)nc(N)c2n1)c1ccc(C(=O)C(F)(F)F)cc1,400.36,2.57,54,7.26760624,457772
CHEMBL34823,COc1ccc(C#CCCC(=O)O)cc1Cc1cnc(N)nc1N,326.36,1.46,97,7.013228266,504022
CHEMBL162312,COc1ccc(OC)c(C#Cc2cccc3nc(N)nc(N)c23)c1,320.35,2.21,18000,4.744727495,10403719
CHEMBL606039,COc1ccccc1/C(C)=C\c1coc2nc(N)nc(N)c12,296.33,2.96,3940,5.404503778,11687971
CHEMBL48203,CCc1nc(N)nc(N)c1-c1ccc(Cl)c(/N=N/N2CCOCC2)c1,361.84,2.85,190,6.721246399,456234
CHEMBL1237205,C/C(=C/c1coc2nc(N)nc(N)c12)c1ccc(C(=O)N[C@@H](CCC(=O)O)C(=O)O)cc1.C/C(=C\c1coc2nc(N)nc(N)c12)c1ccc(C(=O)N[C@@H](CCC(=O)O)C(=O)O)cc1,878.86,,4400,5.356547324,52943038
CHEMBL82853,CCc1nc(N)nc(N)c1-c1ccc(Cl)c(/N=N/N(CCO)CCc2ccccc2)c1,439.95,4.06,1790,5.747146969,487352
CHEMBL57222,CCc1nc(N)nc(N)c1-c1ccc(Cl)c([N+]#N)c1.F[B-](F)(F)F,362.53,3.01,23,7.638272164,11132208
CHEMBL2115210,CCc1nc(N)nc(N)c1-c1ccc(Cl)c(/N=N/N(CCO)[C@H](C)c2ccccc2)c1,439.95,4.58,1470,5.832682665,487353
CHEMBL444587,CCc1nc(N)nc(N)c1-c1ccc(Cl)c(/N=N/N(CCOC(C)=O)Cc2ccc(Cl)cc2)c1,502.41,5.24,800,6.096910013,487341
CHEMBL313680,CCc1nc(N)nc(N)c1-c1ccc(Cl)c(/N=N/N(CCOC(C)=O)Cc2ccc3ccccc3c2)c1,518.02,5.74,1050,5.978810701,487349
CHEMBL425893,COc1ccc(C#CCCCC(=O)O)cc1Cc1cnc2nc(N)nc(N)c2c1C,405.46,2.7,4.3,8.366531544,6481078
CHEMBL145169,COc1cc(/C=C/c2cnc3nc(N)nc(N)c3c2)cc(OC)c1OC,353.38,2.39,1400,5.853871964,6474984
CHEMBL35080,COc1ccc(C#CCOc2cccc(C(=O)O)c2)cc1Cc1cnc(N)nc1N,404.43,2.37,1600,5.795880017,504031
CHEMBL313553,CCc1nc(N)nc(N)c1-c1ccc(Cl)c(/N=N/N(CCOC(C)=O)Cc2cccc3ccccc23)c1,518.02,5.74,200,6.698970004,487348
CHEMBL441062,CCc1nc(N)nc(N)c1-c1ccc(Cl)c(/N=N/N(CCOC(C)=O)Cc2ccccc2F)c1,485.95,4.73,7800,5.107905397,487336
CHEMBL192835,COc1ccc(C#CCCCCC(=O)O)cc1Cc1cnc2nc(N)nc(N)c2c1C,419.49,3.09,3.2,8.494850022,6481079
CHEMBL2092925,C/C(=C\c1coc2nc(N)nc(N)c12)c1ccc(C(=O)N[C@@H](CCC(=O)O)C(=O)O)cc1,439.43,2,110000,3.958607315,52943039
CHEMBL314387,CCC(=O)OCCN(Cc1ccccc1)/N=N/c1cc(-c2c(N)nc(N)nc2CC)ccc1Cl,481.99,4.98,700,6.15490196,487329
CHEMBL87730,CCc1nc(N)nc(N)c1-c1ccc(Cl)c(/N=N/N(CCOC(C)=O)Cc2ccncc2)c1,468.95,3.98,640,6.193820026,487350
CHEMBL33922,COc1ccc(C#CCCCCC(=O)O)cc1Cc1cnc(N)nc1N,354.41,2.24,72,7.142667504,504024
CHEMBL85875,CCc1nc(N)nc(N)c1-c1ccc(Cl)c(/N=N/N(CCOC(C)=O)Cc2cccc(F)c2)c1,485.95,4.73,1250,5.903089987,487337
CHEMBL313034,CCc1nc(N)nc(N)c1-c1ccc(Cl)c(/N=N/N(CCOC(C)=O)Cc2ccc(OC)c(OC)c2)c1,528.01,4.61,80,7.096910013,487333
CHEMBL52415,COc1cc(Cc2cnc(N)nc2N)cc(C#Cc2ccc(C(=O)O)cc2)c1OC,404.43,2.35,420,6.37675071,5271441
CHEMBL49246,CCc1nc(N)nc(N)c1-c1ccc(Cl)c(/N=N/N(C)C)c1,319.8,3.08,310,6.508638306,332598
CHEMBL298819,CCc1nc(N)nc(N)c1-c1ccc(Cl)c(/N=N/N(CCOC)CCOC)c1,407.91,3.12,8800,5.055517328,457258
CHEMBL370239,COc1ccc(C#CCCC(=O)O)c(Cc2cnc3nc(N)nc(N)c3c2C)c1,391.43,2.31,4.1,8.387216143,6481080
CHEMBL315297,CCc1nc(N)nc(N)c1-c1ccc(Cl)c(/N=N/N(CCOC(C)=O)Cc2cccc(C)c2)c1,481.99,4.9,5390,5.268411235,487343
CHEMBL35437,COc1ccc(C#CCOc2ccccc2C(=O)O)cc1Cc1cnc(N)nc1N,404.43,2.37,500,6.301029996,504030
CHEMBL52953,C#CCN(Cc1ccc2nc(N)nc(N)c2n1)c1ccc(C(C)=O)cc1,346.39,2.03,20,7.698970004,457770
CHEMBL191071,COc1cc(Cc2cnc(N)nc2N)cc(C#CCCC(=O)O)c1Br,405.25,2.22,15,7.823908741,6481085
CHEMBL314001,CCc1nc(N)nc(N)c1-c1ccc(Cl)c(/N=N/N(CCOC(C)=O)Cc2cc(OC)cc(OC)c2)c1,528.01,4.61,378,6.4225082,487334
CHEMBL86085,CCc1nc(N)nc(N)c1-c1ccc(Cl)c(/N=N/N(CCCO)Cc2ccccc2)c1,439.95,4.41,2010,5.696803943,487351
CHEMBL220159,COc1cc(CC#Cc2c(C)nc(N)nc2N)cc(OC)c1OC,328.37,1.57,880,6.055517328,16110337
CHEMBL384443,COc1cc(C(O)C#Cc2cnc(N)nc2N)cc(OC)c1OC,330.34,0.75,17900,4.747146969,16110339
CHEMBL85573,CCc1nc(N)nc(N)c1-c1ccc(Cl)c(/N=N/N(CCOC(C)=O)Cc2cccc(Cl)c2)c1,502.41,5.24,1160,5.935542011,487340
CHEMBL55764,CCc1nc(N)nc(N)c1-c1ccc(Cl)c(/N=N/N(CCOC(C)=O)Cc2ccccc2)c1,467.96,4.59,690,6.161150909,1987
CHEMBL222461,COc1cc(C(C)C#Cc2c(C)nc(N)nc2N)cc(OC)c1OC,342.4,2.13,120,6.920818754,16110326
CHEMBL190650,COc1ccc(C#CCCC(=O)O)cc1Cc1cnc2nc(N)nc(N)c2c1C,391.43,2.31,0.46,9.337242168,6481077
CHEMBL189369,Nc1nc(N)c2nc(CN3c4ccccc4C=Cc4c(C#CCCC(=O)O)cccc43)cnc2n1,463.5,3.62,77,7.113509275,44398459
CHEMBL2114205,CCc1nc(N)nc(N)c1-c1ccc(Cl)c(/N=N/N(CCO)[C@@H](C)c2ccccc2)c1,439.95,4.58,2700,5.568636236,487354
CHEMBL35020,COc1ccc(C#Cc2cccc(C(=O)O)c2)cc1Cc1cnc(N)nc1N,374.4,2.34,5.5,8.259637311,5271422
CHEMBL187595,COc1ccc(C#CCCCC(=O)O)c(Cc2cnc3nc(N)nc(N)c3c2C)c1,405.46,2.7,5.8,8.236572006,6481081
CHEMBL313440,CCc1nc(N)nc(N)c1-c1ccc(Cl)c(/N=N/N(CCOC(C)=O)Cc2ccc(OC)cc2)c1,497.99,4.6,440,6.356547324,487332
CHEMBL34641,COc1ccc(/C=C/COc2ccccc2C(=O)O)cc1Cc1cnc(N)nc1N,406.44,3.03,2500,5.602059991,11475250
CHEMBL85919,CCc1nc(N)nc(N)c1-c1ccc(Cl)c(/N=N/N(CCOC(C)=O)Cc2ccccc2Cl)c1,502.41,5.24,6100,5.214670165,487339
CHEMBL4591654,Nc1ncc(N2CCN(c3cccc(-c4ccncc4)c3)CC2)c(N)n1,347.43,2.03,4.34,8.36251027,155568330
CHEMBL4591892,Nc1ncc(N2CCN(c3cccc(-c4cnc(C(F)(F)F)nc4)c3)CC2)c(N)n1,416.41,2.44,32.7,7.485452247,155568251
CHEMBL4584470,Nc1ncc(N2CCN(c3cccc(-c4ncccn4)c3)CC2)c(N)n1,348.41,1.42,27.3,7.563837353,155565754
CHEMBL4582435,CCc1nc(N)nc(N)c1N1CCN(c2cccc(-c3ccccc3)c2)CC1,374.49,3.2,3.91,8.407823243,155562270
CHEMBL4569184,Cc1ccccc1N1CCN(c2cnc(N)nc2N)CC1,284.37,1.28,10000,5,155560431
CHEMBL4546142,COc1cccc(N2CCN(c3cnc(N)nc3N)CC2)c1,300.37,0.98,57.8,7.238072162,155553663
CHEMBL4544894,Nc1ncc(N2CCN(c3cccc(Cl)c3)CC2)c(N)n1,304.79,1.62,39.8,7.400116928,155552787
CHEMBL4550110,Nc1ncc(N2CCN(c3cccc(-c4cnc(C5CC5)nc4)c3)CC2)c(N)n1,388.48,2.3,9.92,8.003488328,155550915
CHEMBL4549054,Cc1cccc(N2CCN(c3cnc(N)nc3N)CC2)c1,284.37,1.28,75.3,7.123205024,155549118
CHEMBL4535103,Nc1ncc(N2CCN(c3cccc(C(F)(F)F)c3)CC2)c(N)n1,338.34,1.99,62.1,7.2069084,155548037
CHEMBL4525462,Cc1ccc(N2CCN(c3cnc(N)nc3N)CC2)cc1,284.37,1.28,181,6.742321425,155543141
CHEMBL4466302,Nc1ncc(N2CCN(c3cccc(-c4cnccn4)c3)CC2)c(N)n1,348.41,1.42,10.3,7.987162775,155531623
CHEMBL4464707,Nc1ncc(N2CCN(c3cccc(-c4ccnnc4)c3)CC2)c(N)n1,348.41,1.42,6,8.22184875,155530674
CHEMBL4463544,Nc1ncc(N2CCN(c3ccccc3Cl)CC2)c(N)n1,304.79,1.62,10000,5,155529844
CHEMBL4461133,Nc1ncc(N2CCN(c3cccc(-c4cccnc4)c3)CC2)c(N)n1,347.43,2.03,2.68,8.571865206,155528338
CHEMBL4459877,Cc1nc(N)nc(N)c1N1CCN(c2cccc(-c3ccccc3)c2)CC1,360.47,2.94,9.19,8.036684489,155527248
CHEMBL4439025,Nc1ncc(N2CCN(c3cccc(OC(F)(F)F)c3)CC2)c(N)n1,354.34,1.87,12.9,7.88941029,155513582
CHEMBL4435247,Nc1ncc(N2CCN(c3cccc(C4CC4)c3)CC2)c(N)n1,310.41,1.84,29,7.537602002,155510882
CHEMBL4552468,Nc1ncc(N2CCN(c3ccc(-c4ccccc4)cc3)CC2)c(N)n1,346.44,2.63,31.5,7.501689446,152617142
CHEMBL4544467,Nc1ncc(N2CCN(c3ccccc3-c3ccccc3)CC2)c(N)n1,346.44,2.63,30.9,7.510041521,152598220
CHEMBL4519642,Nc1ncc(N2CCN(c3cccc(-c4ccccn4)c3)CC2)c(N)n1,347.43,2.03,10.3,7.987162775,151456061
CHEMBL4573445,Nc1ncc(N2CCN(c3cccc(-c4cncnc4)c3)CC2)c(N)n1,348.41,1.42,4.75,8.32330639,138460276
CHEMBL4456834,Nc1ncc(N2CCN(c3ccc(Cl)cc3)CC2)c(N)n1,304.79,1.62,45.9,7.338187314,138460007
CHEMBL4553229,Nc1ncc(N2CCN(c3ccccc3)CC2)c(N)n1,270.34,0.97,209,6.679853714,137491959
CHEMBL3962899,Nc1nc2[nH]c(-c3cccc(Cl)c3)cc2c(=O)[nH]1,260.68,2.15,10000,5,137300720
CHEMBL3099582,Nc1nc2[nH]c3cccc(Sc4ccc5ccccc5c4)c3c2c(=O)[nH]1,358.43,4.29,21,7.677780705,136227773
CHEMBL492837,COc1ccc(OC)c(Sc2c(C)[nH]c3nc(N)[nH]c(=O)c23)c1,332.39,2.31,11528,4.938246032,135960753
CHEMBL3099581,Nc1nc2[nH]c3cccc(Sc4cccc5ccccc45)c3c2c(=O)[nH]1,358.43,4.29,35.8,7.446116973,135566835
CHEMBL3099580,Nc1nc2[nH]c3cccc(Sc4ccccc4)c3c2c(=O)[nH]1,308.37,3.14,23,7.638272164,135566834
CHEMBL61708,Nc1nc(O)c2c(CNc3ccc(C(=O)N[C@@H](CCC(=O)O)C(=O)O)cc3)c[nH]c2n1,428.41,0.91,8000,5.096910013,135545795
CHEMBL400485,Cc1[nH]c2nc(N)[nH]c(=O)c2c1Sc1ccc(Cl)c(Cl)c1,341.22,3.6,11700,4.931814138,135543610
CHEMBL61927,COc1ccc(OC)c(N(C)Cc2c[nH]c3nc(N)nc(O)c23)c1,329.36,1.9,10300,4.987162775,135529761
CHEMBL61415,COc1cc(OC)cc(N(C)Cc2c[nH]c3nc(N)nc(O)c23)c1,329.36,1.9,4200,5.37675071,135528659
CHEMBL303102,Nc1nc(O)c2c(CNc3ccc(Cl)cc3Cl)c[nH]c2n1,324.17,3.16,2200,5.657577319,135513899
CHEMBL400364,Cc1[nH]c2nc(N)[nH]c(=O)c2c1Sc1ccc([N+](=O)[O-])cc1,317.33,2.2,244000,3.612610174,135511915
CHEMBL293512,COc1cc(N2C=C3C(=O)N=c4nc(N)nc(N)c4=C3CC2)cc(OC)c1OC,396.41,-0.23,1120,5.950781977,135497303
CHEMBL302633,COc1ccc(OC)c(NCc2c[nH]c3nc(N)nc(O)c23)c1,315.33,1.88,2200,5.657577319,135493459
CHEMBL293415,COc1cc(N(C)Cc2c[nH]c3nc(N)nc(O)c23)cc(OC)c1OC,359.39,1.91,37000,4.431798276,135476159
CHEMBL140323,COc1ccc(Sc2c(C)[nH]c3nc(N)nc(O)c23)cc1OC,332.39,2.72,20000,4.698970004,135462247
CHEMBL142176,Cc1[nH]c2nc(N)nc(O)c2c1Sc1ccc(Cl)cc1,306.78,3.36,3100,5.508638306,135461759
CHEMBL294131,COc1ccc(NCc2c[nH]c3nc(N)nc(O)c23)c(OC)c1,315.33,1.88,7100,5.148741651,135444570
CHEMBL389051,C#CCN(Cc1ccc2[nH]c(N)nc(=O)c2c1)c1ccc(C(=O)N[C@@H](CCC(=O)O)C(=O)O)cc1,477.48,1.19,245.5,6.609948504,135438608
CHEMBL61108,Nc1nc(O)c2c(CNc3cc(Cl)cc(Cl)c3)c[nH]c2n1,324.17,3.16,4100,5.387216143,135433714
CHEMBL57682,COc1cc(-n2ccc3c4c(N)nc(N)nc4nc(=O)c-3c2)cc(OC)c1OC,394.39,1.47,220.798,6.656004865,135430649
CHEMBL64785,COc1cc(NCc2c[nH]c3nc(N)nc(O)c23)cc(OC)c1,315.33,1.88,2600,5.585026652,135422947
CHEMBL225072,Nc1nc2[nH]cc(CCc3ccc(C(=O)N[C@@H](CCC(=O)O)C(=O)O)cc3)c2c(=O)[nH]1,427.42,0.67,1655,5.781202002,135410875
CHEMBL64729,COc1cc(NCc2c[nH]c3nc(N)nc(O)c23)cc(OC)c1OC,345.36,1.88,9300,5.031517051,135409517
CHEMBL418502,Nc1nc(O)c2c(CNc3cc(Cl)ccc3Cl)c[nH]c2n1,324.17,3.16,660,6.180456064,135409485
CHEMBL61110,Nc1nc(O)c2c(CNc3cccc(Cl)c3)c[nH]c2n1,289.73,2.51,3500,5.455931956,135407347
CHEMBL431740,COc1c(Cl)c(-n2ccc3c4c(N)nc(N)nc4nc(=O)c-3c2)c(Cl)c(OC)c1OC,463.28,2.78,2300,5.638272164,135406535
CHEMBL225180,Cc1[nH]c2nc(N)[nH]c(=O)c2c1Sc1ccc(C(=O)N[C@@H](CCC(=O)O)C(=O)O)cc1,445.46,1.34,160,6.795880017,135404992
CHEMBL169896,Cc1nc2ccc3ccc(CNc4ccc5c(c4)CN([C@@H](CCC(=O)O)C(=O)O)C5=O)cc3c2c(=O)[nH]1,500.51,3.27,368.5,6.433562508,135403832
CHEMBL422395,C#CCN(Cc1ccc2[nH]c(N)nc(=O)c2c1)c1ccc(C(=O)NC(CCC(=O)O)C(=O)O)cc1,477.48,1.19,263.6,6.579054594,135402053
CHEMBL225071,Cc1nc(=O)c2cc(CN(C)c3ccc(C(=O)N[C@@H](CCC(=O)O)C(=O)O)s3)ccc2[nH]1,458.5,1.98,1376,5.861381566,135400182
CHEMBL224974,Cc1c(Sc2ccc(C(=O)N[C@@H](CCC(=O)O)C(=O)O)cc2)[nH]c2nc(N)[nH]c(=O)c12,445.46,1.34,2900,5.537602002,135399760
CHEMBL4468777,COc1ncc(-c2cccc(N3CCN(c4cnc(N)nc4N)CC3)c2)cn1,378.44,1.43,1.57,8.804100348,134812633
CHEMBL3980903,Cn1cc(-c2c(N)nc(N)nc2C2CC2)c2ccccc21,279.35,2.68,460,6.337242168,134156833
CHEMBL3958219,Cc1nc(N)nc(N)c1C(=O)N1CCN(c2cccc(-c3ccccc3)c2)CC1,388.48,2.58,2400,5.619788758,134155232
CHEMBL3972872,Nc1ncc(CN2CCN(c3cc(Cl)ccc3OCc3cccc(C(F)(F)F)c3)CC2)c(N)n1,492.93,4.21,950,6.022276395,134154523
CHEMBL3970251,Nc1ncc(Cn2ccc3c(-c4ccc(C(F)(F)F)cc4)cccc32)c(N)n1,383.38,4.33,2700,5.568636236,134153211
CHEMBL3963161,Nc1ncc(Cn2cc(-c3cccc(C(F)(F)F)c3)c3ccccc32)c(N)n1,383.38,4.33,980,6.008773924,134152596
CHEMBL3935452,Nc1nc(Cl)c2cc(-c3cccc(Cl)c3)[nH]c2n1,279.13,3.51,10000,5,134149549
CHEMBL3936777,COc1ccc(-c2c[nH]c3nc(N)nc(OC(C)C)c23)cc1C(F)(F)F,366.34,4.02,10000,5,134148801
CHEMBL3948504,Nc1ncc(Cn2cc(-c3cccc(Cl)c3)c3cccnc32)c(N)n1,350.81,3.36,10000,5,134147949
CHEMBL3949585,Cc1nc(N)nc(N)c1C(=O)N1CCN(c2cc(Cl)ccc2-c2ccccn2)CC1,423.91,2.63,10000,5,134147493
CHEMBL3953119,Nc1ncc(N2CCN(c3cccc(-c4ccccc4)c3)CC2)c(N)n1,346.44,2.63,8.73,8.058985756,134144326
CHEMBL3912823,Cc1nc(N)nc(N)c1CN1CCN(c2cc(Cl)ccc2-c2ccccn2)CC1,409.93,2.99,370,6.431798276,134143008
CHEMBL3924966,Nc1ncc(Cn2cc(-c3ccc(F)c(F)c3)c3cnccc32)c(N)n1,352.35,2.98,10000,5,134141850
CHEMBL3921798,Cc1nc(N)nc(N)c1CN1CCN(c2cccc(-c3ccccc3)c2)CC1,374.49,2.94,1100,5.958607315,134139368
CHEMBL3930739,Nc1ncc(CN2CCN(c3cccc(C(F)(F)F)c3)CC2)c(N)n1,352.36,1.98,80000,4.096910013,134138953
CHEMBL3892841,Nc1ncc(CN2CCCN(C(=O)c3cccc(C(F)(F)F)c3)CC2)c(N)n1,394.4,2.01,10000,5,134136557
CHEMBL3906933,Cn1c(-c2cccc(Cl)c2)cc2c(N)nc(N)nc21,273.73,2.45,10000,5,134136051
CHEMBL3896873,Cn1c(-c2cccc(Cl)c2)cc2c(Cl)nc(N)nc21,293.16,3.52,10000,5,134133398
CHEMBL3910843,Nc1nc(N)c(-c2c[nH]c3ccccc23)c(C2CC2)n1,265.32,2.67,910,6.040958608,134132161
CHEMBL4543226,Cc1ncc(-c2cccc(N3CCN(c4cnc(N)nc4N)CC3)c2)cn1,362.44,1.73,3.95,8.403402904,130301107
CHEMBL3953069,Nc1ncc(N2CCN(c3ccc(Cl)c(Cl)c3)CC2)c(N)n1,339.23,2.27,17,7.769551079,122164615
CHEMBL3142796,Cc1cn(CC[C@H]2C[C@H](O)[C@@H](COP(=O)(O)O)O2)c(=O)[nH]c1=O,350.26,-1.14,2700,5.568636236,90663161
CHEMBL1818549,Cc1nc2sc3cccc(CNc4ccc5c(c4)CN([C@@H](CCC(=O)O)C(=O)O)C5=O)c3c2c(=O)[nH]1,506.54,3.33,2750,5.560667306,56676341
CHEMBL1818548,Cc1nc2sc3cccc(CNc4ccc(C(=O)N[C@@H](CCC(=O)O)C(=O)O)cc4)c3c2c(=O)[nH]1,494.53,3.11,1550,5.809668302,56666113
CHEMBL594320,COc1ccccc1C(=Cc1coc2nc(=N)[nH]c(N)c12)C1CC1,322.37,3.18,4600,5.337242168,52947802
CHEMBL604879,CCCCC(=Cc1coc2nc(=N)[nH]c(N)c12)c1ccccc1OC,338.41,3.96,30300,4.518557371,52947801
CHEMBL593154,COc1ccccc1C(=Cc1coc2nc(=N)[nH]c(N)c12)CC(C)C,338.41,3.81,24900,4.603800653,52946619
CHEMBL603849,CCC(C)C(=Cc1coc2nc(=N)[nH]c(N)c12)c1ccccc1OC,338.41,3.81,5700,5.244125144,52945403
CHEMBL595497,CCCC(=Cc1coc2nc(=N)[nH]c(N)c12)c1ccccc1OC,324.38,3.57,11800,4.928117993,52944152
CHEMBL594810,COc1ccccc1C(=Cc1coc2nc(=N)[nH]c(N)c12)C(C)C,324.38,3.42,7500,5.124938737,52942956
CHEMBL1738740,Nc1nc2sc3cccc(CNc4ccc5c(c4)CN([C@@H](CCC(=O)O)C(=O)O)C5=O)c3c2c(=O)[nH]1,507.53,2.61,90,7.045757491,52914861
CHEMBL1738741,Nc1nc2sc3cccc(CNc4ccc(C(=O)N[C@@H](CCC(=O)O)C(=O)O)cc4)c3c2c(=O)[nH]1,495.52,2.38,80,7.096910013,52914860
CHEMBL58597,COc1cc(N2C=Cc3c(cnc4nc(N)nc(N)c34)C2)cc(OC)c1OC.O=C(O)C(F)(F)F,494.43,2.21,760,6.119186408,49796224
CHEMBL609914,Cc1c(Sc2cccc3c2CCCC3)[nH]c2nc(N)nc(N)c12,325.44,3.46,159.245,6.797934195,46233684
CHEMBL590502,COc1ccc(-c2nc3c(N)nc(N)nc3[nH]2)c([N+](=O)[O-])c1OC,331.29,1.11,16800,4.774690718,46233489
CHEMBL598190,Nc1nc(N)c2c(CSc3ccc4c(c3)CCCC4)c[nH]c2n1,325.44,3.29,9160.055,5.038101919,46233401
CHEMBL602913,Nc1nc(N)c2c(CSc3cccc4c3CCCC4)c[nH]c2n1,325.44,3.29,811.415,6.090756968,46233400
CHEMBL589525,CN(Cc1c[nH]c2nc(N)nc(N)c12)c1cccc2c1CCCC2,322.42,2.64,870,6.060480747,46233359
CHEMBL597771,COc1cc(Sc2[nH]c3nc(N)nc(N)c3c2C)cc(OC)c1OC,361.43,2.61,686,6.163675884,46233255
CHEMBL597770,Cc1c(Sc2cc(Cl)c(Cl)cc2Cl)[nH]c2nc(N)nc(N)c12,374.68,4.54,212,6.673664139,46233254
CHEMBL596742,Cc1cc(C)cc(Sc2[nH]c3nc(N)nc(N)c3c2C)c1,299.4,3.2,572,6.242603971,46233189
CHEMBL596741,Cc1cccc(C)c1Sc1[nH]c2nc(N)nc(N)c2c1C,299.4,3.2,5.11,8.2915791,46233188
CHEMBL597962,Nc1nc(N)c2c(CCCc3ccc4c(c3)CCCC4)c[nH]c2n1,321.43,3.18,1005,5.997833938,46233187
CHEMBL591930,Nc1nc(N)c2c(CCCc3cccc4c3CCCC4)c[nH]c2n1,321.43,3.18,1294.125,5.888023773,46233186
CHEMBL605782,Cc1[nH]c2nc(N)nc(N)c2c1Sc1ccc2c(c1)CCCC2,325.44,3.46,30951.475,4.50931865,46233112
CHEMBL600412,Cc1[nH]c2nc(N)nc(N)c2c1Sc1cccc2c1CCCC2,325.44,3.46,18710.435,4.727916115,46233111
CHEMBL611984,Cc1cccc(C(C)C)c1Sc1oc2nc(N)nc(N)c2c1C,328.44,4.28,16200,4.790484985,46231414
CHEMBL598293,COc1ccc(Sc2oc3nc(N)nc(N)c3c2C)cc1OC,332.39,2.86,51700,4.286509457,46231413
CHEMBL598292,COc1cccc(Sc2oc3nc(N)nc(N)c3c2C)c1,302.36,2.86,45900,4.338187314,46231412
CHEMBL598090,COc1ccccc1Sc1oc2nc(N)nc(N)c2c1C,302.36,2.86,44200,4.354577731,46231411
CHEMBL604722,Cc1c(Sc2c(F)c(F)c(C(F)(F)F)c(F)c2F)oc2nc(N)nc(N)c12,412.29,4.42,81800,4.087246696,46231410
CHEMBL597885,COc1ccc(Sc2oc3nc(N)nc(N)c3c2C)cc1,302.36,2.86,69400,4.15864053,46231409
CHEMBL596681,COc1ccc(OC)c(Sc2oc3nc(N)nc(N)c3c2C)c1,332.39,2.86,38400,4.415668776,46231373
CHEMBL596680,Cc1c(Sc2c(Cl)cccc2Cl)oc2nc(N)nc(N)c12,341.22,4.15,25500,4.59345982,46231372
CHEMBL609896,Cc1cccc(C)c1Sc1oc2nc(N)nc(N)c2c1C,300.39,3.46,19700,4.705533774,46231371
CHEMBL596673,Cc1c(Sc2ccc3ccccc3c2)oc2nc(N)nc(N)c12,322.39,4,12000,4.920818754,46231370
CHEMBL602104,Cc1c(Sc2cccc3ccccc23)oc2nc(N)nc(N)c12,322.39,4,83000,4.080921908,46231369
CHEMBL596672,Cc1c(Sc2ccc(C(=O)N[C@@H](CCC(=O)O)C(=O)O)cc2)oc2nc(N)nc(N)c12,445.46,1.89,13733.33333,4.862224039,46231368
CHEMBL455012,CCCCN(Cc1ccc2ccccc2c1)c1ccc2nc(N)nc(N)c2c1,371.49,4.75,25,7.602059991,44569106
CHEMBL523004,CCCCN(Cc1cc(OC)ccc1OC)c1ccc2nc(N)nc(N)c2c1,381.48,3.62,7.3,8.13667714,44569105
CHEMBL522363,Cc1sc2nc(N)[nH]c(=O)c2c1Sc1ccc(C(=O)N(CCC(=O)O)C(=O)O)cc1,448.48,2.62,22,7.657577319,44568860
CHEMBL83553,Nc1nc(N)c2nc(CSc3ccc(Sc4ccccc4)cc3)cnc2n1,392.51,4.03,770,6.113509275,44462008
CHEMBL227007,CCc1c(Sc2ccc(Cl)c(Cl)c2)[nH]c2nc(C)nc(N)c12,353.28,4.87,27600000,1.559090918,44424991
CHEMBL179131,COc1cc(NCc2cnc3nc(N)nc(N)c3c2C)c(O)cc1-n1cccc1,391.44,2.61,32.98,7.481749349,44388481
CHEMBL179319,Cc1c(CN(C)c2ccccc2)cnc2nc(N)nc(N)c12,294.36,2.13,6.2975,8.200831824,44388480
CHEMBL178684,COCc1cc(N(C)CC2CCc3nc(N)nc(N)c3C2)cc(COC)c1COC,415.54,2.32,329.805,6.481742765,44388478
CHEMBL178904,Nc1nc(N)c2c(n1)CCC(CNc1cccc(Cl)c1)C2,303.8,2.51,77.99,7.10796108,44388477
CHEMBL178888,COc1ccc(-c2ccccc2)cc1NNCc1cnc2nc(N)nc(N)c2c1C,401.47,3.29,68.04,7.167235695,44388476
CHEMBL180476,Cc1c(C)c(-n2cccc2)c(C)c(C)c1NNCc1cnc2nc(N)nc(N)c2c1C,416.53,3.64,74.995,7.124967691,44388464
CHEMBL178119,COc1cc(OC)c(CN(C)c2ccc3nc(N)nc(N)c3c2)c(OC)c1,369.43,2.46,949.975,6.022287824,44388463
CHEMBL178512,COc1cc(NNCc2cnc3nc(N)nc(N)c3c2C)c(-n2cccc2)cc1OC,420.48,2.42,600.035,6.221823417,44388457
CHEMBL331292,COc1cc(CC2CN=C(N)N=C2N)cc(OC)c1OC,292.34,0.56,2800,5.552841969,44345035
CHEMBL114839,Nc1nc(N)c2cc(NCc3cccc4c3CCCC4)ccc2n1,319.41,3.29,94.5,7.024568191,44343198
CHEMBL114354,CN(Cc1cccc2c1CCCC2)c1ccc2nc(N)nc(N)c2c1,333.44,3.31,12.55,7.901356274,44342970
CHEMBL293258,Cc1cn(C2CC(O)C(OP(=O)(O)O)O2)c(=O)[nH]c1=O,308.18,-1.44,2700,5.568636236,44303114
CHEMBL56977,CCC(Cc1coc2nc(N)cc(N)c12)c1ccc(C(=O)NC(CCC(=O)O)C(=O)O)cc1,454.48,2.78,1100,5.958607315,44300967
CHEMBL60639,CC(Cc1coc2nc(N)cc(N)c12)c1ccc(C(=O)NC(CCC(=O)O)C(=O)O)cc1,440.46,2.39,2100,5.677780705,44300964
CHEMBL53193,CNc1ncc(Cc2cc(OC)c(OC)c(OC)c2)c(N)n1,304.35,1.72,2800,5.552841969,44296584
CHEMBL33357,COc1ccc2c(CNc3cnc4nc(N)nc(N)c4c3)cccc2c1,346.39,2.96,710,6.148741651,44281405
CHEMBL33045,Nc1nc(N)c2cc(NCc3ccc(C(=O)NC(=O)[C@H](N)CCC(=O)O)cc3)cnc2n1,438.45,0.25,,,44281305
CHEMBL17287,CN(Cc1c[nH]c2nc(N)nc(N)c12)c1ccc(C(=O)N(C)C(CCC(=O)O)C(=O)O)cc1,455.48,1.15,150,6.823908741,44271419
CHEMBL594339,CCC(C)C(Cc1coc2nc(N)nc(N)c12)c1ccccc1OC,340.43,3.77,15400,4.812479279,44246330
CHEMBL606362,COc1ccccc1C(Cc1coc2nc(N)nc(N)c12)CC(C)C,340.43,3.77,22200,4.653647026,44246329
CHEMBL594790,CCCCC(Cc1coc2nc(N)nc(N)c12)c1ccccc1OC,340.43,3.91,19600,4.707743929,44246328
CHEMBL603198,COc1ccccc1C(Cc1coc2nc(N)nc(N)c12)C1CC1,324.38,3.13,4440,5.35261703,44246327
CHEMBL595757,COc1ccccc1C(Cc1coc2nc(N)nc(N)c12)C(C)C,326.4,3.38,7000,5.15490196,44246326
CHEMBL605413,CCCC(Cc1coc2nc(N)nc(N)c12)c1ccccc1OC,326.4,3.52,30000,4.522878745,44246325
CHEMBL563212,CCc1sc2nc(N)[nH]c(=O)c2c1Sc1cc(OC)cc(OC)c1,363.46,3.3,1162,5.934793872,44221539
CHEMBL565179,CCc1sc2nc(N)[nH]c(=O)c2c1Sc1ccc(Br)cc1,382.31,4.04,1106.5,5.956048582,44221538
CHEMBL550842,CCc1sc2nc(N)[nH]c(=O)c2c1Sc1ccncc1,304.4,2.68,858.5,6.066259701,44221347
CHEMBL550296,CCc1sc2nc(N)[nH]c(=O)c2c1Sc1ccc2ccccc2c1,353.47,4.43,554.2,6.256333479,44221346
CHEMBL556091,CCc1sc2nc(N)[nH]c(=O)c2c1Sc1ccc(Cl)c(Cl)c1,372.3,4.59,504.05,6.297526381,44221345
CHEMBL564937,CCc1sc2nc(N)[nH]c(=O)c2c1Sc1ccc([N+](=O)[O-])cc1,348.41,3.19,504.35,6.297267975,44221344
CHEMBL550769,CCc1sc2nc(N)[nH]c(=O)c2c1Sc1ccccc1,303.41,3.28,4216.5,5.375047895,44221343
CHEMBL551768,CCc1sc2nc(N)[nH]c(=O)c2c1Sc1ccccc1Cl,337.86,3.93,1263.5,5.898424754,44221340
CHEMBL551985,CCc1sc2nc(N)[nH]c(=O)c2c1Sc1cccc(Cl)c1,337.86,3.93,906,6.042871802,44221147
CHEMBL538143,CCc1sc2nc(N)[nH]c(=O)c2c1Sc1ccc(F)cc1,321.4,3.42,1312.5,5.881900688,44221146
CHEMBL560912,CCc1sc2nc(N)[nH]c(=O)c2c1Sc1cc(Cl)cc(Cl)c1,372.3,4.59,807,6.093126465,44221145
CHEMBL564004,CCc1sc2nc(N)[nH]c(=O)c2c1Sc1cc(OC)ccc1OC,363.46,3.3,14,7.853871964,44221144
CHEMBL564277,CCc1sc2nc(N)[nH]c(=O)c2c1Sc1ccc(Cl)cc1,337.86,3.93,1104.5,5.95683428,44221143
CHEMBL551049,CCc1sc2nc(N)[nH]c(=O)c2c1Sc1ccc(C(=O)N[C@@H](CCC(=O)O)C(=O)O)cc1,476.54,2.33,46.05,7.336770365,44201386
CHEMBL2047247,Nc1nc2c(c(Nc3ccc(Cl)cc3)n1)-c1ccccc1C2,308.77,4.03,15000,4.823908741,25218337
CHEMBL2047248,Nc1nc2c(c(Nc3cccc(Br)c3)n1)-c1ccccc1C2,353.22,4.14,13000,4.886056648,25218335
CHEMBL2047245,CC(C)c1ccc(Nc2nc(N)nc3c2-c2ccccc2C3)cc1,316.41,4.5,15000,4.823908741,25218332
CHEMBL2047253,Nc1nc2c(c(Nc3ccc(Cl)cc3F)n1)-c1ccccc1C2,326.76,4.17,14500,4.838631998,25216477
CHEMBL2047252,Nc1nc2c(c(Nc3ccc(F)c(Cl)c3)n1)-c1ccccc1C2,326.76,4.17,14500,4.838631998,25216476
CHEMBL492896,CCCN(Cc1ccc2ccccc2c1)c1ccc2nc(N)nc(N)c2c1,357.46,4.36,19,7.721246399,25132198
CHEMBL522543,CCN(Cc1cc(Cl)cc(Cl)c1Cl)c1ccc2nc(N)nc(N)c2c1,396.71,4.78,19,7.721246399,25132197
CHEMBL522678,CCN(Cc1ccc2ccccc2c1)c1ccc2nc(N)nc(N)c2c1,343.43,3.97,12,7.920818754,25132196
CHEMBL493717,CCN(Cc1ccccc1)c1ccc2nc(N)nc(N)c2c1,293.37,2.82,3.6,8.443697499,25132195
CHEMBL492895,CCCN(Cc1cc(OC)ccc1OC)c1ccc2nc(N)nc(N)c2c1,367.45,3.23,9.5,8.022276395,25131855
CHEMBL493718,CCN(Cc1cccc2ccccc12)c1ccc2nc(N)nc(N)c2c1,343.43,3.97,7.8,8.107905397,25131854
CHEMBL449543,Cc1sc2nc(N)[nH]c(=O)c2c1Sc1ccc(F)cc1,307.38,3.17,2024,5.693789492,25107646
CHEMBL495124,Cc1sc2nc(N)[nH]c(=O)c2c1Sc1ccc2ccccc2c1,339.45,4.18,622,6.206209615,25107645
CHEMBL492838,Cc1sc2nc(N)[nH]c(=O)c2c1Sc1ccc(Cl)c(Cl)c1,358.27,4.33,614,6.211831629,25107644
CHEMBL495125,Cc1sc2nc(N)[nH]c(=O)c2c1Sc1ccncc1,290.37,2.42,717,6.144480844,25107643
CHEMBL492839,Cc1sc2nc(N)[nH]c(=O)c2c1Sc1cc(Cl)cc(Cl)c1,358.27,4.33,1182,5.927382523,25107642
CHEMBL522517,Cc1sc2nc(N)[nH]c(=O)c2c1Sc1ccc(Cl)cc1,323.83,3.68,1315.5,5.880909148,25107640
CHEMBL494067,Cc1sc2nc(N)[nH]c(=O)c2c1Sc1ccccc1,289.38,3.03,4260,5.370590401,25107577
CHEMBL521672,CCN(Cc1cc(OC)ccc1OC)c1ccc2nc(N)nc(N)c2c1,353.43,2.84,3.7,8.431798276,25099170
CHEMBL477151,CC(C)c1c(Sc2ccc(Cl)c(Cl)c2)[nH]c2nc(N)nc(N)c12,368.29,4.7,1850,5.732828272,24950854
CHEMBL477150,CC(C)c1c(Sc2ccc3ccccc3c2)[nH]c2nc(N)nc(N)c12,349.46,4.55,1950,5.709965389,24950853
CHEMBL476945,CC(C)c1c(Sc2cccc3ccccc23)[nH]c2nc(N)nc(N)c12,349.46,4.55,6060,5.217527376,24950852
CHEMBL477566,COc1ccc(Sc2[nH]c3nc(N)nc(N)c3c2C(C)C)cc1OC,359.46,3.41,2500,5.602059991,24950851
CHEMBL516128,COc1ccc(OC)c(Sc2[nH]c3nc(N)nc(N)c3c2C(C)C)c1,359.46,3.41,1850,5.732828272,24950699
CHEMBL478404,COc1ccc(Sc2[nH]c3nc(N)nc(N)c3c2C(C)C)cc1,329.43,3.41,1550,5.809668302,24950698
CHEMBL478403,CC(C)c1c(Sc2ccccc2)[nH]c2nc(N)nc(N)c12,299.4,3.4,1382,5.859491957,24950697
CHEMBL478192,Cc1cccc(C)c1Sc1[nH]c2nc(N)nc(N)c2c1C(C)C,327.46,4.01,6650,5.177178355,24950696
CHEMBL478191,CC(C)c1c(Sc2c(Cl)cccc2Cl)[nH]c2nc(N)nc(N)c12,368.29,4.7,1360,5.866461092,24950695
CHEMBL478213,CCCc1c(Sc2ccc3ccccc3c2)[nH]c2nc(N)nc(N)c12,349.46,4.38,7575,5.120617363,24950694
CHEMBL515312,CCCc1c(Sc2cccc3ccccc23)[nH]c2nc(N)nc(N)c12,349.46,4.38,6029,5.219754716,24950693
CHEMBL476745,CCCc1c(Sc2ccc(OC)c(OC)c2)[nH]c2nc(N)nc(N)c12,359.46,3.24,6000,5.22184875,24950543
CHEMBL476744,CCCc1c(Sc2cc(OC)ccc2OC)[nH]c2nc(N)nc(N)c12,359.46,3.24,6700,5.173925197,24950542
CHEMBL477790,CCCc1c(Sc2ccc(OC)cc2)[nH]c2nc(N)nc(N)c12,329.43,3.23,6615,5.179470151,24950541
CHEMBL516891,CCCc1c(Sc2ccccc2)[nH]c2nc(N)nc(N)c12,299.4,3.23,760,6.119186408,24950540
CHEMBL442702,Cc1c(Sc2ccc(Cl)c(Cl)c2)[nH]c2nc(N)nc(N)c12,340.24,3.89,20000000,1.698970004,23647977
CHEMBL227065,Cc1c(Sc2ccc3ccccc3c2)[nH]c2nc(N)nc(N)c12,321.41,3.74,80800,4.092588639,23647976
CHEMBL227064,CCc1c(Sc2c(C)cccc2C)[nH]c2nc(N)nc(N)c12,313.43,3.45,7100000,2.148741651,16733165
CHEMBL389686,CCc1c(Sc2ccccc2)[nH]c2nc(N)nc(N)c12,285.38,2.84,180000,3.744727495,16733164
CHEMBL388121,CCc1c(Sc2ccc(OC)cc2)[nH]c2nc(N)nc(N)c12,315.4,2.84,4620000,2.335358024,16733163
CHEMBL388120,CCc1c(Sc2ccc(Cl)cc2Cl)[nH]c2nc(N)nc(N)c12,354.27,4.14,220000,3.657577319,16733162
CHEMBL227063,CCc1c(Sc2cccc3cccnc23)[nH]c2nc(N)nc(N)c12,336.42,3.38,160000,3.795880017,16733036
CHEMBL227010,CCc1c(Sc2cccc(OC)c2)[nH]c2nc(N)nc(N)c12,315.4,2.84,1090000,2.962573502,16733035
CHEMBL227009,CCc1c(Sc2cc(OC)ccc2OC)[nH]c2nc(N)nc(N)c12,345.43,2.85,120000,3.920818754,16733034
CHEMBL227008,CCc1c(Sc2c(Cl)cccc2Cl)[nH]c2nc(N)nc(N)c12,354.27,4.14,3800000,2.420216403,16733033
CHEMBL226955,CCc1c(Sc2ccc(Cl)cc2)[nH]c2nc(N)nc(N)c12,319.82,3.49,1540000,2.812479279,16733031
CHEMBL387901,CCc1c(Sc2cccc(Cl)c2)[nH]c2nc(N)nc(N)c12,319.82,3.49,500000,3.301029996,16733030
CHEMBL226954,CCc1c(Sc2ccc(Br)cc2)[nH]c2nc(N)nc(N)c12,364.27,3.6,11600000,1.935542011,16733029
CHEMBL389887,CCc1c(Sc2ccc([N+](=O)[O-])cc2)[nH]c2nc(N)nc(N)c12,330.37,2.74,320000,3.494850022,16732893
CHEMBL226953,CCc1c(Sc2ccc3ccccc3c2)[nH]c2nc(N)nc(N)c12,335.44,3.99,5120000,2.290730039,16732892
CHEMBL226952,CCc1c(Sc2cccc3ccccc23)[nH]c2nc(N)nc(N)c12,335.44,3.99,3150000,2.501689446,16732891
CHEMBL219889,COc1cc(C(C)C#Cc2cnc(N)nc2N)cc(OC)c1OC,328.37,1.82,3100,5.508638306,16110338
CHEMBL223569,COc1cc([C@H](C)C#Cc2c(C)nc(N)nc2N)cc(OC)c1OC,342.4,2.13,13,7.886056648,16110334
CHEMBL220936,COc1cc(C(C#Cc2cnc(N)nc2N)OC)cc(OC)c1OC,344.37,1.41,9800,5.008773924,16110329
CHEMBL221172,COc1cc(C(O)C#Cc2c(C)nc(N)nc2N)cc(OC)c1OC,344.37,1.06,9100,5.040958608,16110328
CHEMBL219624,COc1cc(CC#Cc2cnc(N)nc2N)cc(OC)c1OC,314.35,1.26,21700,4.663540266,16110323
CHEMBL374256,COc1cc(CCc2cnc(N)nc2N)cc(OC)c1OC,304.35,1.45,90200,4.044793462,16110322
CHEMBL1230421,Cc1cn([C@@H]2O[C@H](COP(=O)(O)O)[C@@H](O)[C@H]2O)c(=O)[nH]c1=O,338.21,-2.43,3400,5.468521083,12803287
CHEMBL48648,Nc1nc(N)c2c(CNc3cccc4c3CCCC4)c[nH]c2n1,308.39,2.61,1098.826667,5.95907081,12041791
CHEMBL103086,CCc1nc(N)nc(N)c1-c1ccc(NCc2ccc(C(=O)NC(CCC(=O)O)C(=O)O)cc2)c([N+](=O)[O-])c1,537.53,2.44,6.2,8.207608311,11979618
CHEMBL148599,Nc1nc(N)c2cc3c(nc2n1)CCN(C(=O)OCc1ccccc1)C3,350.38,1.88,22000,4.657577319,11783065
CHEMBL81995,Nc1nc(N)c2nc(CN3c4ccccc4C=Cc4cc(O)ccc43)cnc2n1,383.42,3.11,26,7.585026652,11773511
CHEMBL600413,Cc1[nH]c2nc(N)nc(N)c2c1Sc1ccc(Cl)cc1,305.79,3.24,31711.39,4.498784721,11738299
CHEMBL597383,Nc1nc(N)c2c(CCCc3cc(Cl)ccc3Cl)c[nH]c2n1,336.23,3.6,1240,5.906578315,11681560
CHEMBL608428,COc1ccc(OC)c(CCCc2c[nH]c3nc(N)nc(N)c23)c1,327.39,2.31,4050,5.392544977,11681422
CHEMBL597961,Nc1nc(N)c2c(CCCc3ccc(OCc4ccccc4)cc3)c[nH]c2n1,373.46,3.88,1600,5.795880017,11675166
CHEMBL597583,COc1cc(CCCc2c[nH]c3nc(N)nc(N)c23)cc(OC)c1OC,357.41,2.32,1026.645,5.988579704,11667589
CHEMBL607583,Nc1nc(N)c2c(CCCc3ccccc3)c[nH]c2n1,267.34,2.3,2695.765,5.56931797,11536310
CHEMBL610498,Cc1[nH]c2nc(N)nc(N)c2c1Sc1ccc(Cl)cc1Cl,340.24,3.89,28191.915,4.549875423,11473257
CHEMBL430821,Nc1nc(N)c2nc(CN3c4ccccc4C=Cc4cc(OCCCC(=O)O)ccc43)cnc2n1,469.51,3.65,9.9,8.004364805,11442756
CHEMBL17232,Nc1nc(N)c2c(CNc3ccc(C(=O)NC(CCC(=O)O)C(=O)O)cc3)c[nH]c2n1,427.42,0.78,210,6.677780705,11396216
CHEMBL597382,COc1ccc(OC)c(Sc2c(C)[nH]c3nc(N)nc(N)c23)c1,331.4,2.6,87048.18,4.060240305,11370954
CHEMBL608143,Cc1[nH]c2nc(N)nc(N)c2c1Sc1ccccc1,271.35,2.58,81141.525,4.090756834,11369279
CHEMBL310397,Nc1nc(N)c2nc(CN3c4ccccc4C=Cc4cc(OCC(=O)O)ccc43)cnc2n1,441.45,2.87,17,7.769551079,11339680
CHEMBL608865,Cc1[nH]c2nc(N)nc(N)c2c1Sc1cccc(Cl)c1,305.79,3.24,77212.355,4.112313201,11335759
CHEMBL82936,Nc1nc(N)c2nc(CN3c4ccccc4C=Cc4cc(OCCCCC(=O)O)ccc43)cnc2n1,483.53,4.04,21,7.677780705,11317679
CHEMBL79464,Nc1nc(N)c2nc(CN3c4ccccc4C=Cc4cc(OCc5ccc(C(=O)O)cc5)ccc43)cnc2n1,517.55,4.68,22,7.657577319,11168298
CHEMBL84273,Nc1nc(N)c2nc(CN3c4ccccc4C=Cc4cc(OCCC(=O)O)ccc43)cnc2n1,455.48,3.26,28,7.552841969,11155280
CHEMBL146925,COc1ccc(CN2CCc3nc4nc(N)nc(N)c4cc3C2)cc1,336.4,1.76,2900,5.537602002,11099765
CHEMBL149027,Nc1nc(N)c2cc3c(nc2n1)CCN(Cc1ccc(Cl)cc1Cl)C3,375.26,3.05,2100,5.677780705,11047021
CHEMBL422316,Nc1nc(N)c2cc3c(nc2n1)CCN(Cc1ccc(C(=O)N[C@@H](CCC(=O)O)C(=O)O)cc1)C3,479.5,0.8,900,6.045757491,10961831
CHEMBL421959,Nc1nc(N)c2cc3c(nc2n1)CCN(Cc1ccccc1)C3,306.37,1.75,1400,5.853871964,10902858
CHEMBL357973,COc1cc(CN2CCc3nc4nc(N)nc(N)c4cc3C2)cc(OC)c1,366.43,1.76,2700,5.568636236,10883066
CHEMBL596969,COc1cc2oc3ccccc3c2cc1N(C)Cc1coc2nc(N)nc(N)c12,389.42,3.93,392000,3.406713933,10810361
CHEMBL103108,Nc1nc(N)c2nc(C3c4ccccc4-c4ccccc43)[nH]c2n1,314.35,2.68,30500,4.515700161,10805204
CHEMBL605980,Nc1nc(N)c2c(CSc3ccc(Oc4ccccc4)cc3)coc2n1,364.43,4.47,258019.79,3.588346983,10761277
CHEMBL139430,CN(c1ccc2ccccc2c1)c1ccc2nc(N)nc(N)c2n1,316.37,3.11,14.5,7.838631998,10710507
CHEMBL342555,COc1cc(N(C=O)Cc2cnc3nc(N)nc(N)c3c2)cc(OC)c1OC,384.4,1.38,1099.67,5.958737623,10691405
CHEMBL591935,Nc1nc(N)c2c(CSc3cccc(Oc4ccccc4)c3)coc2n1,364.43,4.47,19027.305,4.72062272,10690139
CHEMBL334456,CN(c1ccc2nc(N)nc(N)c2n1)c1cccc2ccccc12,316.37,3.11,2100,5.677780705,10663211
CHEMBL418214,Nc1nc(N)c2c3c(oc2n1)CN(Cc1ccc(C(=O)N[C@@H](CCC(=O)O)C(=O)O)cc1)CC3,468.47,0.99,21500,4.66756154,10624126
CHEMBL138419,Nc1nc(N)c2nc(Nc3ccc4ccccc4c3)ccc2n1,302.34,3.09,1100,5.958607315,10590469
CHEMBL597784,Nc1nc(N)c2c(CNc3ccc4c(c3)C(O)c3ccccc3-4)coc2n1,359.39,3.06,63047.865,4.200329615,10498667
CHEMBL69363,CCOc1ccc(OCC)c(NCc2c[nH]c3nc(N)nc(N)c23)c1,342.4,2.53,5282.69,5.277144874,10450058
CHEMBL389643,Cc1c(Sc2ccc(C(=O)N[C@@H](CCC(=O)O)C(=O)O)cc2)[nH]c2nc(N)nc(N)c12,444.47,1.63,985,6.00656377,10433577
CHEMBL492836,Cc1sc2nc(N)[nH]c(=O)c2c1Sc1ccc([N+](=O)[O-])cc1,334.38,2.93,628,6.202040356,10404647
CHEMBL299927,COc1cc(N2CCC3c4c(N)nc(N)nc4NCC3C2)cc(OC)c1OC,386.46,1.7,290,6.537602002,10068729
CHEMBL439816,Nc1nc(N)c2cc3c(nc2n1)CCN(Cc1ccc(Cl)c(Cl)c1)C3,375.26,3.05,5100,5.292429824,9976735
CHEMBL349149,COc1ccc(OC)c(CCc2cccc3nc(N)nc(N)c23)c1,324.38,2.6,5900,5.229147988,9973530
CHEMBL323565,Nc1nc(N)c2c(CCc3ccc(C(=O)N[C@@H](CCC(=O)O)C(=O)O)cc3)coc2n1,427.42,1.22,,,9932276
CHEMBL430872,CC(Cc1coc2nc(N)nc(N)c12)c1ccc(C(=O)N[C@@H](CCC(=O)O)C(=O)O)cc1,441.44,1.78,2100,5.677780705,9911146
CHEMBL190026,COc1ccc(I)c(Cc2cnc3nc(N)nc(N)c3c2C)c1,421.24,2.7,5.8,8.236572006,6481092
CHEMBL187570,COc1ccc(I)cc1Cc1cnc2nc(N)nc(N)c2c1C,421.24,2.7,4.1,8.387216143,6481091
CHEMBL190935,CCOC(=O)CCCOc1ccc(OC)cc1Cc1cnc2nc(N)nc(N)c2c1C,425.49,2.82,10,8,6481090
CHEMBL190340,COc1ccc(OCc2ccccc2)c(Cc2cnc3nc(N)nc(N)c3c2C)c1,401.47,3.68,16,7.795880017,6481089
CHEMBL435938,CCOC(=O)CCCCCOc1ccc(OC)c(Cc2cnc3nc(N)nc(N)c3c2C)c1,453.54,3.6,13,7.886056648,6481088
CHEMBL189953,CCOC(=O)CCCCOc1ccc(OC)c(Cc2cnc3nc(N)nc(N)c3c2C)c1,439.52,3.21,11,7.958607315,6481087
CHEMBL189796,CCOC(=O)CCCOc1ccc(OC)c(Cc2cnc3nc(N)nc(N)c3c2C)c1,425.49,2.82,3.4,8.468521083,6481086
CHEMBL190486,COc1ccc(OCCCC(=O)O)c(Cc2cnc3nc(N)nc(N)c3c2C)c1,397.44,2.34,2.3,8.638272164,6481076
CHEMBL188540,COc1ccc(OCCCCCC(=O)O)cc1Cc1cnc2nc(N)nc(N)c2c1C,425.49,3.12,2,8.698970004,6481075
CHEMBL190199,COc1ccc(OCCCCC(=O)O)cc1Cc1cnc2nc(N)nc(N)c2c1C,411.46,2.73,2.3,8.638272164,6481074
CHEMBL189952,COc1ccc(OCCCC(=O)O)cc1Cc1cnc2nc(N)nc(N)c2c1C,397.44,2.34,1.9,8.721246399,6481073
CHEMBL610181,COc1ccccc1/C(C)=C/c1coc2nc(N)nc(N)c12,296.33,2.96,4000,5.397940009,6477203
CHEMBL145005,COc1ccc(/C=C/c2cnc3nc(N)nc(N)c3c2)cc1,293.33,2.37,1499.893333,5.823939625,6474986
CHEMBL123984,COc1cccc(Sc2[nH]c3nc(N)nc(N)c3c2C)c1,301.38,2.59,4768.766667,5.321593927,5742624
CHEMBL331986,COc1ccc(OC)c(Sc2[nH]c3nc(N)nc(N)c3c2C)c1,331.4,2.6,56780,4.245804612,5742623
CHEMBL331456,Cc1c(Sc2ccc(Cl)cc2Cl)[nH]c2nc(N)nc(N)c12,340.24,3.89,20000,4.698970004,5742622
CHEMBL123892,COc1ccc(Sc2[nH]c3nc(N)nc(N)c3c2C)cc1,301.38,2.59,2690.51,5.570165389,5742621
CHEMBL331314,COc1ccccc1Sc1[nH]c2nc(N)nc(N)c2c1C,301.38,2.59,1021.096667,5.990933142,5742620
CHEMBL420172,Cc1c(Sc2ccc(Cl)cc2)[nH]c2nc(N)nc(N)c12,305.79,3.24,8924.17,5.049432165,5742619
CHEMBL334198,Cc1c(Sc2cccc(Cl)c2)[nH]c2nc(N)nc(N)c12,305.79,3.24,6932.77,5.159093208,5742618
CHEMBL122998,Cc1c(Sc2cccc3ccccc23)[nH]c2nc(N)nc(N)c12,321.41,3.74,160,6.795880017,5742617
CHEMBL69681,COc1cc(NCc2c[nH]c3nc(N)nc(N)c23)cc(OC)c1OC,344.38,1.76,8109.436667,5.091009314,5742601
CHEMBL68439,COc1ccc(NCc2c[nH]c3nc(N)nc(N)c23)cc1OC,314.35,1.75,4300,5.366531544,5742600
CHEMBL432136,Nc1nc(N)c2c(CNc3ccccc3)c[nH]c2n1,254.3,1.73,3896.816667,5.409290026,5742599
CHEMBL68673,COc1ccc(NCc2c[nH]c3nc(N)nc(N)c23)cc1,284.32,1.74,6000.1675,5.221836626,5742589
CHEMBL102996,CCc1nc(N)nc(N)c1-c1ccc(NCc2ccc(S(N)(=O)=O)cc2)c([N+](=O)[O-])c1,443.49,2.04,5.8,8.236572006,5481387
CHEMBL81294,CCc1nc(N)nc(N)c1-c1ccc(NCc2ccccc2)c([N+](=O)[O-])c1,364.41,3.39,19,7.721246399,5481386
CHEMBL276734,Nc1nc(N)c2c(CNc3cccc4ccccc34)c[nH]c2n1,304.36,2.89,1100,5.958607315,5481066
CHEMBL17873,Nc1nc(N)c2c(CNc3ccc(Cl)c(Cl)c3)c[nH]c2n1,323.19,3.04,1400,5.853871964,5481065
CHEMBL17323,COc1ccc(OC)c(NCc2c[nH]c3nc(N)nc(N)c23)c1,314.35,1.75,1699.497143,5.769679561,5481064
CHEMBL275893,Nc1nc(N)c2c(CSc3ccc4ccccc4c3)c[nH]c2n1,321.41,3.57,9201.5,5.03614137,5480472
CHEMBL17479,Nc1nc(N)c2c(CSc3cccc4ccccc34)c[nH]c2n1,321.41,3.57,810.01,6.091509619,5480471
CHEMBL17431,COc1ccc(SCc2c[nH]c3nc(N)nc(N)c23)cc1OC,331.4,2.43,2600,5.585026652,5480470
CHEMBL17430,Nc1nc(N)c2c(CSc3ccc(Cl)c(Cl)c3)c[nH]c2n1,340.24,3.72,11600,4.935542011,5480469
CHEMBL17453,COc1ccc(OC)c(N(C)Cc2c[nH]c3nc(N)nc(N)c23)c1,328.38,1.78,3396.146667,5.469013562,5480467
CHEMBL278261,CN(Cc1c[nH]c2nc(N)nc(N)c12)c1cccc2ccccc12,318.38,2.91,870.32,6.060321036,5480466
CHEMBL278013,CN(Cc1c[nH]c2nc(N)nc(N)c12)c1ccc(Cl)c(Cl)c1,337.21,3.07,1000,6,5480465
CHEMBL102447,CCOC(=O)CCC(NC(=O)c1ccc(CNc2ccc(-c3c(N)nc(N)nc3CC)cc2[N+](=O)[O-])cc1)C(=O)OCC,593.64,3.4,7.1,8.148741651,5479802
CHEMBL105526,CCc1nc(N)nc(N)c1-c1ccc(NCc2ccc(C3OCCO3)cc2)c([N+](=O)[O-])c1,436.47,3.44,15,7.823908741,5479801
CHEMBL103558,CCc1nc(N)nc(N)c1-c1ccc(NCc2ccc(C(=O)N3CCCCC3)cc2)c([N+](=O)[O-])c1,475.55,4.02,140,6.853871964,5479800
CHEMBL102967,CCc1nc(N)nc(N)c1-c1ccc(NCc2ccc(C(=O)N(C)C)cc2)c([N+](=O)[O-])c1,435.49,3.09,7.9,8.102372909,5479799
CHEMBL104020,CCc1nc(N)nc(N)c1-c1ccc(NCc2ccc(C(=O)NC)cc2)c([N+](=O)[O-])c1,421.46,2.75,4.3,8.366531544,5479798
CHEMBL323359,CCc1nc(N)nc(N)c1-c1ccc(NCc2ccc(C(N)=O)cc2)c([N+](=O)[O-])c1,407.43,2.49,3.7,8.431798276,5479797
CHEMBL103981,CCc1nc(N)nc(N)c1-c1ccc(NCc2ccc(C(=O)O)cc2)c([N+](=O)[O-])c1,408.42,3.09,1.8,8.744727495,5479796
CHEMBL101378,COc1cc(-c2nc3[nH]c(N)nc(N)c-3n2)c([N+](=O)[O-])cc1OC,331.29,1.06,16800,4.774690718,5479795
CHEMBL439973,Cc1nc(N)nc2[nH]cc(CCc3ccc(C(=O)N[C@@H](CCC(=O)O)C(=O)O)cc3)c12,425.45,1.68,1200,5.920818754,5288461
CHEMBL38158,COc1ccc(CCc2ccc(C(=O)O)cc2)cc1Cc1cnc(N)nc1N,378.43,2.72,1500,5.823908741,5271424
CHEMBL284839,COc1ccc(CCCOc2cccc(C(=O)O)c2)cc1Cc1cnc(N)nc1N,408.46,2.95,210,6.677780705,5271420
CHEMBL289908,COc1ccc(CCCOc2ccccc2C(=O)O)cc1Cc1cnc(N)nc1N,408.46,2.95,710,6.148741651,5271419
CHEMBL3112972,O=C(Nc1ccccc1)OCc1ccc(-c2cc(C(F)(F)F)cc(C(F)(F)F)c2)o1,429.32,6.73,132000,3.879426069,2815470
CHEMBL1201794,Cc1cc2nc3c(=O)[nH]c(=O)nc-3n(C[C@H](O)[C@H](O)[C@H](O)COP(=O)(O)O)c2cc1C,456.35,-1.61,500000,3.301029996,643976
CHEMBL50379,Nc1nc(N)c2nc(CCSc3ccccc3)cnc2n1,298.38,1.92,770,6.113509275,504032
CHEMBL290806,COc1ccc(OCc2ccc(C(=O)O)cc2)cc1Cc1cnc(N)nc1N,380.4,2.52,2000,5.698970004,504029
CHEMBL288647,COc1ccc(OCc2cccc(C(=O)O)c2)cc1Cc1cnc(N)nc1N,380.4,2.52,600,6.22184875,504028
CHEMBL288350,COc1ccc(CCCCCCC(=O)O)cc1Cc1cnc(N)nc1N,358.44,2.82,30,7.522878745,504027
CHEMBL33921,COc1ccc(CCCCCC(=O)O)cc1Cc1cnc(N)nc1N,344.42,2.43,8.4,8.075720714,504026
CHEMBL285279,COc1ccc(CCCCC(=O)O)cc1Cc1cnc(N)nc1N,330.39,2.04,58,7.236572006,504025
CHEMBL37334,COc1ccc(C#CCCCC(=O)O)cc1Cc1cnc(N)nc1N,340.38,1.85,32,7.494850022,504023
CHEMBL162270,COc1cc(N(C)Cc2cccc3nc(N)nc(N)c23)cc(OC)c1OC,369.43,2.46,20000,4.698970004,490668
CHEMBL434097,COc1ccc(OC)c(N(C)Cc2cccc3nc(N)nc(N)c23)c1,339.4,2.45,40000,4.397940009,490667
CHEMBL165955,COc1cc(NCc2cccc3nc(N)nc(N)c23)cc(OC)c1OC,355.4,2.43,20000,4.698970004,490666
CHEMBL350730,COc1ccc(OC)c(NCc2cccc3nc(N)nc(N)c23)c1,325.37,2.42,5000,5.301029996,490665
CHEMBL441298,COc1cc(CCc2cccc3nc(N)nc(N)c23)cc(OC)c1OC,354.41,2.61,930,6.031517051,490664
CHEMBL341703,Nc1nc(N)c2c(CCc3ccccc3)cccc2n1,264.33,2.58,370,6.431798276,490662
CHEMBL38332,COc1ccc(OCCCCCCCCC(=O)O)cc1Cc1cnc(N)nc1N,402.5,3.43,430,6.366531544,490577
CHEMBL289904,COc1ccc(OCCCCCCCC(=O)O)cc1Cc1cnc(N)nc1N,388.47,3.04,360,6.443697499,490576
CHEMBL36310,COc1ccc(OCCCCCCC(=O)O)cc1Cc1cnc(N)nc1N,374.44,2.65,180,6.744727495,490575
CHEMBL285448,COc1ccc(OCCCCCC(=O)O)cc1Cc1cnc(N)nc1N,360.41,2.26,480,6.318758763,490574
CHEMBL37520,COc1ccc(OCCCCC(=O)O)cc1Cc1cnc(N)nc1N,346.39,1.87,110,6.958607315,490573
CHEMBL37696,COc1ccc(OCCCC(=O)O)cc1Cc1cnc(N)nc1N,332.36,1.48,180,6.744727495,490572
CHEMBL420384,CCCCCCCCCOc1ccc(OC)c(Cc2cnc(N)nc2N)c1,372.51,4.37,32000,4.494850022,490571
CHEMBL78648,CCCCCCCCOc1ccc(OC)c(Cc2cnc(N)nc2N)c1,358.49,3.98,15000,4.823908741,490570
CHEMBL287481,CCCCCCCOc1ccc(OC)c(Cc2cnc(N)nc2N)c1,344.46,3.59,5000,5.301029996,490569
CHEMBL284851,CCCCCCOc1ccc(OC)c(Cc2cnc(N)nc2N)c1,330.43,3.2,9200,5.036212173,490568
CHEMBL79890,CCCCCOc1ccc(OC)c(Cc2cnc(N)nc2N)c1,316.41,2.81,6500,5.187086643,490567
CHEMBL79216,COc1ccc(OC)c(C(=O)OCc2ccc3nc(N)nc(N)c3c2)c1,354.37,2.17,220,6.657577319,487467
CHEMBL420393,COc1cc(OC)cc(C(=O)OCc2ccc3nc(N)nc(N)c3c2)c1,354.37,2.17,150,6.823908741,487466
CHEMBL311432,Cc1c(CO)cnc2nc(N)nc(N)c12,205.22,-0.01,3200,5.494850022,487417
CHEMBL309371,Nc1nc(N)c2cc(CO)ccc2n1,190.21,0.29,44900,4.347753659,487415
CHEMBL78578,CN(Cc1ccc2nc(N)nc(N)c2c1)c1ccccc1,279.35,2.43,11,7.958607315,487413
CHEMBL80746,Nc1nc(N)c2cc(CNc3ccccc3)ccc2n1,265.32,2.41,100,7,487412
CHEMBL78631,Nc1nc(N)c2cc(COC(=O)Cc3ccccc3)ccc2n1,308.34,2.08,1900,5.721246399,487410
CHEMBL77409,Nc1nc(N)c2cc(COC(=O)c3ccc(C(=O)O)cc3)ccc2n1,338.32,1.85,1000,6,487409
CHEMBL310807,COc1ccc(C(=O)OCc2ccc3nc(N)nc(N)c3c2)cc1OC,354.37,2.17,66,7.180456064,487408
CHEMBL309792,COc1ccc(C(=O)OCc2ccc3nc(N)nc(N)c3c2)c(OC)c1OC,384.39,2.18,140,6.853871964,487407
CHEMBL78022,COc1cc(C(=O)OCc2ccc3nc(N)nc(N)c3c2)cc(OC)c1OC,384.39,2.18,50,7.301029996,487406
CHEMBL309784,Nc1nc(N)c2nc(COC(=O)c3ccccc3)cnc2n1,296.29,0.94,5800,5.236572006,487405
CHEMBL79182,Cc1c(COC(=O)c2ccccc2)cnc2nc(N)nc(N)c12,309.33,1.85,56,7.251811973,487404
CHEMBL80935,Nc1nc(N)c2cc(COC(=O)c3ccccc3)cnc2n1,295.3,1.55,1900,5.721246399,487403
CHEMBL421319,Nc1nc(N)c2cc(COC(=O)c3ccccc3)ccc2n1,294.31,2.15,99,7.004364805,487402
CHEMBL306731,Nc1nc(N)c2cc(C(=O)OCc3ccccc3)ccc2n1,294.31,2.15,360,6.443697499,487401
CHEMBL85958,CCc1nc(N)nc(N)c1-c1ccc(Cl)c(/N=N/N(CCOC(C)=O)Cc2ccc([N+](=O)[O-])cc2)c1,512.96,4.5,850,6.070581074,487347
CHEMBL87423,CCc1nc(N)nc(N)c1-c1ccc(Cl)c(/N=N/N(CCOC(C)=O)Cc2ccc(C(F)(F)F)cc2)c1,535.96,5.61,2540,5.595166283,487345
CHEMBL313131,CCc1nc(N)nc(N)c1-c1ccc(Cl)c(/N=N/N(CCOC(C)=O)Cc2ccccc2C)c1,481.99,4.9,830,6.080921908,487342
CHEMBL87549,CCc1nc(N)nc(N)c1-c1ccc(Cl)c(/N=N/N(CCOC(C)=O)Cc2ccc(F)cc2)c1,485.95,4.73,4400,5.356547324,487338
CHEMBL423200,Nc1nc(N)c2nc(Cn3c4ccccc4c4ccccc43)cnc2n1,341.38,2.74,12,7.920818754,486244
CHEMBL144200,Nc1nc(N)c2nc(CN3c4ccccc4Sc4ccccc43)cnc2n1,373.44,3.39,110,6.958607315,486243
CHEMBL424113,Nc1nc(N)c2nc(CN(c3ccccc3)c3ccccc3)cnc2n1,343.39,2.92,1300,5.886056648,486242
CHEMBL423381,Nc1nc(N)c2nc(CN3c4ccccc4Oc4ccccc43)cnc2n1,357.38,3.03,2200,5.657577319,486241
CHEMBL264386,COc1ccc(N(C)Cc2cnc3nc(N)nc(N)c3c2C)cc1,324.39,2.14,7.298333333,8.136776305,485021
CHEMBL7170,Nc1nc(N)c2c(n1)CCC(CC1CCCO1)C2,248.33,1.31,40,7.397940009,484967
CHEMBL7586,Nc1nc(N)c2c(n1)CCC(Cc1ccsc1)C2,260.37,2.05,49,7.30980392,484966
CHEMBL267207,Nc1nc(N)c2c(n1)CCC(Cc1cccs1)C2,260.37,2.05,62,7.207608311,484965
CHEMBL7571,CC(C)(C)C1CCc2nc(N)nc(N)c2C1,220.32,1.79,18,7.744727495,484964
CHEMBL6696,CCC1CCc2nc(N)nc(N)c2C1,192.27,1.16,1100,5.958607315,484963
CHEMBL6971,Nc1nc(N)c2c(n1)CCC(Cc1ccc(Cl)c(Cl)c1)C2,323.23,3.3,2600,5.585026652,484962
CHEMBL7063,COc1cc(CC2CCc3nc(N)nc(N)c3C2)cc(OC)c1OC,344.42,2.01,24,7.619788758,484961
CHEMBL267616,COc1ccc(CC2CCc3nc(N)nc(N)c3C2)cc1OC,314.39,2.01,23,7.638272164,484960
CHEMBL7375,COc1ccc(OC)c(CC2CCc3nc(N)nc(N)c3C2)c1,314.39,2.01,21,7.677780705,484959
CHEMBL7062,Nc1nc(N)c2c(n1)CCC(Cc1ccc(OC(F)(F)F)cc1)C2,338.33,2.89,73,7.13667714,484958
CHEMBL266024,Nc1nc(N)c2c(n1)CCC(Cc1cccc(OC(F)(F)F)c1)C2,338.33,2.89,14,7.853871964,484957
CHEMBL268355,COc1cccc(CC2CCc3nc(N)nc(N)c3C2)c1,284.36,2,21,7.677780705,484956
CHEMBL268870,COc1ccccc1CC1CCc2nc(N)nc(N)c2C1,284.36,2,14,7.853871964,484955
CHEMBL7779,Cc1cccc(CC2CCc3nc(N)nc(N)c3C2)c1,268.36,2.3,36,7.443697499,484954
CHEMBL7542,Cc1ccccc1CC1CCc2nc(N)nc(N)c2C1,268.36,2.3,23,7.638272164,484953
CHEMBL6970,Nc1nc(N)c2c(n1)CCC(Cc1ccccc1)C2,254.34,1.99,32,7.494850022,484952
CHEMBL441668,COc1cc(CC2CCc3nc(N)nc(N)c32)cc(OC)c1OC,330.39,1.94,21000,4.677780705,483687
CHEMBL7452,COc1ccc(CC2CCc3nc(N)nc(N)c3C2)cc1,284.36,2,50,7.301029996,483229
CHEMBL7535,Nc1nc(N)c2c(n1)CCC(c1ccccc1)C2,240.31,1.91,1300,5.886056648,483228
CHEMBL267437,Nc1nc(N)c2c(n1)CCC(Cc1cccc(C(F)(F)F)c1)C2,322.33,3.01,140,6.853871964,483227
CHEMBL144839,Nc1nc(N)c2nc(CN3c4ccccc4Cc4ccccc43)cnc2n1,355.4,2.83,29,7.537602002,483225
CHEMBL342086,Nc1nc(N)c2nc(CN3c4ccccc4CCc4ccccc43)cnc2n1,369.43,3.02,910,6.040958608,481460
CHEMBL597347,Nc1nc(N)c2c(CSc3ccccc3Oc3ccccc3)coc2n1,364.43,4.47,38000,4.420216403,481457
CHEMBL597346,Nc1nc(N)c2c(CSc3ccc(-c4ccccc4)cc3)coc2n1,348.43,4.35,79216.41,4.101184843,481456
CHEMBL604090,Nc1nc(N)c2c(CSc3cccc(-c4ccccc4)c3)coc2n1,348.43,4.35,22954.34,4.63913519,481455
CHEMBL596970,Nc1nc(N)c2c(CSc3ccccc3-c3ccccc3)coc2n1,348.43,4.35,104856.425,3.979404953,481454
CHEMBL604709,CCn1c2ccccc2c2cc(N(C)Cc3coc4nc(N)nc(N)c34)ccc21,386.46,4.15,22600,4.645891561,481453
CHEMBL601520,CCn1c2ccccc2c2cc(NCc3coc4nc(N)nc(N)c34)ccc21,372.43,4.13,4483.42,5.348390575,481448
CHEMBL598605,Nc1nc(N)c2c(CNc3ccc4c(c3)Cc3ccccc3-4)coc2n1,343.39,3.57,27621.145,4.558758322,481446
CHEMBL598604,Nc1nc(N)c2c(CNc3cccc4cc5ccccc5cc34)coc2n1,355.4,4.31,15444.085,4.811237817,481443
CHEMBL124256,Cc1nc(N)nc2c1c(CCc1ccc(C(=O)N[C@@H](CCC(=O)O)C(=O)O)cc1)cn2Cc1ccccc1,515.57,3.2,19000,4.721246399,481401
CHEMBL7488,COc1cc(NCC2CCc3nc(N)nc(N)c3C2)cc(OC)c1OC,359.43,1.88,54,7.26760624,479430
CHEMBL120821,C#CCN(CC1CCc2nc(N)nc(N)c2C1)c1cc(OC)c(OC)c(OC)c1,397.48,1.91,12,7.920818754,479426
CHEMBL121683,CCN(CC1CCc2nc(N)nc(N)c2C1)c1cc(OC)ccc1OC,357.46,2.29,16.99333333,7.769721424,479425
CHEMBL123043,CN(CC1CCc2nc(N)nc(N)c2C1)c1ccc(Cl)cc1,317.82,2.54,22,7.657577319,479424
CHEMBL33136,Nc1nc(N)c2cc(NCCc3ccccc3)cnc2n1,280.33,1.84,4450.136667,5.351626651,479423
CHEMBL32583,COc1cc(C(C)Nc2cnc3nc(N)nc(N)c3c2)cc(OC)c1OC,370.41,2.39,189.85,6.721589399,479422
CHEMBL286700,Nc1nc(N)c2cc(NCc3ccccc3)cnc2n1,266.31,1.8,520,6.283996656,479421
CHEMBL32220,COc1ccc(CNc2cnc3nc(N)nc(N)c3c2)c2ccccc12,346.39,2.96,380.0033333,6.420212594,479420
CHEMBL32635,Nc1nc(N)c2cc(NCc3cccc4ccccc34)cnc2n1,316.37,2.95,979.98,6.008782788,479419
CHEMBL32266,COc1cc(CNc2cnc3nc(N)nc(N)c3c2)cc(OC)c1,326.36,1.82,1200.016667,5.920812722,479418
CHEMBL32769,COc1ccc(CNc2cnc3nc(N)nc(N)c3c2)cc1OC,326.36,1.82,729.9866667,6.136685072,479417
CHEMBL35222,COc1ccc(CN(C)c2cnc3nc(N)nc(N)c3c2)c(OC)c1OC,370.41,1.85,26,7.585026652,479416
CHEMBL33187,Nc1nc(N)c2cc(NCc3ccc(Oc4ccccc4)cc3)cnc2n1,358.4,3.59,3699.426667,5.431865577,479415
CHEMBL32754,COc1cc(OC)c(CNc2cnc3nc(N)nc(N)c3c2)c(OC)c1,356.39,1.83,229.9966667,6.638278458,479414
CHEMBL32708,COc1ccc(OC)c(CNc2cnc3nc(N)nc(N)c3c2)c1,326.36,1.82,373.3383333,6.427897416,479413
CHEMBL33208,COc1cc(CNc2cnc3nc(N)nc(N)c3c2)cc(OC)c1OC,356.39,1.83,361.2575,6.442183128,479412
CHEMBL284849,COc1cc(OC)c(OC)cc1CNc1cnc2nc(N)nc(N)c2c1,356.39,1.83,479.9833333,6.318773843,479411
CHEMBL35569,COc1ccc(CNc2cnc3nc(N)nc(N)c3c2)c(OC)c1OC,356.39,1.83,456.6766667,6.340391178,479410
CHEMBL121868,COc1ccc(OC)c(N(C)CC2CCc3nc(N)nc(N)c3C2)c1,343.43,1.9,15,7.823908741,479407
CHEMBL122704,COc1cc(CN(C)CC2CCc3nc(N)nc(N)c3C2)cc(OC)c1OC,387.48,1.9,330,6.48148606,479296
CHEMBL120826,Nc1nc(N)c2c(n1)CCC(CN1CCc3ccccc31)C2,295.39,1.81,27,7.568636236,479295
CHEMBL121947,Nc1nc(N)c2c(n1)CCC(CNc1ccc(Cl)cc1)C2,303.8,2.51,78,7.107905397,479294
CHEMBL121319,Nc1nc(N)c2c(n1)CCC(CNc1cc(Cl)ccc1Cl)C2,338.24,3.16,97.00333333,7.013213342,479293
CHEMBL120939,CCOc1ccc(OCC)c(NCC2CCc3nc(N)nc(N)c3C2)c1,357.46,2.66,139.9866667,6.853913328,479292
CHEMBL7263,COc1ccc(OC)c(NCC2CCc3nc(N)nc(N)c3C2)c1,329.4,1.88,181.0033333,6.742313427,479291
CHEMBL264548,CCOc1ccc(OCC)c(N(C)CC2CCc3nc(N)nc(N)c3C2)c1,371.49,2.68,16.99333333,7.769721424,479290
CHEMBL333791,Nc1nc(N)c2c(n1)CCC(CNc1c(Cl)cccc1Cl)C2,338.24,3.16,9.899666667,8.004379428,479289
CHEMBL123276,Nc1nc(N)c2c(n1)CCC(CNc1cccc(Br)c1)C2,348.25,2.62,29.99666667,7.522927003,479288
CHEMBL121433,CN(CC1CCc2nc(N)nc(N)c2C1)c1ccc(Cl)c(Cl)c1,352.27,3.19,21,7.677780705,479286
CHEMBL120994,Nc1nc(N)c2c(n1)CCC(CNc1ccc(Cl)c(Cl)c1)C2,338.24,3.16,109.9666667,6.958738939,479285
CHEMBL123122,COc1cc(N(C)CC2CCc3nc(N)nc(N)c3C2)cc(OC)c1OC,373.46,1.91,7,8.15490196,479284
CHEMBL80070,COc1cccc(NCc2cnc3nc(N)nc(N)c3c2C)c1,310.36,2.12,7.4,8.13076828,479283
CHEMBL34337,CN(CCc1ccccc1)c1cnc2nc(N)nc(N)c2c1,294.36,1.87,920.15,6.03614137,479282
CHEMBL33038,CN(Cc1ccccc1)c1cnc2nc(N)nc(N)c2c1,280.33,1.83,32,7.494850022,479281
CHEMBL48963,COc1cc(Cc2cnc(N)nc2N)cc(OC)c1-n1cccc1,325.37,2.04,470,6.327902142,479079
CHEMBL281962,Nc1nc(N)c2c3c(oc2n1)CN(Cc1c(Cl)cccc1Cl)CC3,364.24,3.25,31700,4.498940738,478948
CHEMBL31273,Nc1nc(N)c2c3c(oc2n1)CN(Cc1ccc(Cl)c(Cl)c1)CC3,364.24,3.25,22300,4.651695137,478947
CHEMBL284960,COc1cc(CN2CCc3c(oc4nc(N)nc(N)c34)C2)cc(OC)c1,355.4,1.96,20400,4.690369833,478946
CHEMBL287240,COc1cc(CN2CCc3c(oc4nc(N)nc(N)c34)C2)cc(OC)c1OC,385.42,1.97,35000,4.455931956,478945
CHEMBL23658,COc1cccc(NCc2coc3nc(N)nc(N)c23)c1,285.31,2.01,31300,4.504455662,478878
CHEMBL278110,CN(Cc1coc2nc(N)nc(N)c12)c1cc(Cl)c(Cl)c(Cl)c1,372.64,3.98,21494.575,4.667671138,478877
CHEMBL23153,CN(Cc1coc2nc(N)nc(N)c12)c1ccc(Cl)c(Cl)c1,338.2,3.33,27000,4.568636236,478876
CHEMBL277438,Nc1nc(N)c2c(CNc3cc(Cl)ccc3Cl)coc2n1,324.17,3.31,47000,4.327902142,478875
CHEMBL283311,Nc1nc(N)c2c(CSc3ccc4ccccc4c3)coc2n1,322.39,3.83,11600,4.935542011,478874
CHEMBL22820,Nc1nc(N)c2c(CSc3ccccc3)coc2n1,272.33,2.68,26000,4.585026652,478873
CHEMBL141808,COc1cc(CNc2ccc3nc(N)nc(N)c3n2)cc(OC)c1OC,356.39,1.83,490,6.30980392,476046
CHEMBL138252,Nc1nc(N)c2nc(Nc3ccc(Cl)cc3)ccc2n1,286.73,2.59,830.0133333,6.080914931,476044
CHEMBL140940,CN(c1ccccc1)c1ccc2nc(N)nc(N)c2n1,266.31,1.96,2.2,8.657577319,476043
CHEMBL139188,Nc1nc(N)c2nc(Nc3ccccc3)ccc2n1,252.28,1.93,299.9733333,6.522917351,476042
CHEMBL139485,COc1cc(N(C)c2ccc3nc(N)nc(N)c3n2)cc(OC)c1OC,356.39,1.98,7.6,8.119186408,476039
CHEMBL138452,COc1cc(Nc2ccc3nc(N)nc(N)c3n2)cc(OC)c1OC,342.36,1.96,2399.98,5.619792377,476038
CHEMBL141698,COc1ccc(OC)c(N(C)c2ccc3nc(N)nc(N)c3n2)c1,326.36,1.97,41,7.387216143,476037
CHEMBL141260,COc1ccc(OC)c(Nc2ccc3nc(N)nc(N)c3n2)c1,312.33,1.95,729.9866667,6.136685072,476036
CHEMBL337603,COc1ccc(N(C)c2ccc3nc(N)nc(N)c3n2)cc1OC,326.36,1.97,0.88,9.055517328,476035
CHEMBL141160,COc1ccc(N(C)c2ccc3nc(N)nc(N)c3n2)cc1,296.33,1.97,8.6,8.065501549,476034
CHEMBL141585,COc1ccc(Nc2ccc3nc(N)nc(N)c3n2)cc1OC,312.33,1.95,680.2566667,6.167327193,476033
CHEMBL141218,COc1ccc(Nc2ccc3nc(N)nc(N)c3n2)cc1,282.31,1.94,2800.09,5.552828009,476032
CHEMBL140705,COc1ccccc1Nc1ccc2nc(N)nc(N)c2n1,282.31,1.94,460.0133333,6.33722958,476031
CHEMBL140597,COc1ccc(S(=O)(=O)c2ccc3nc(N)nc(N)c3n2)cc1OC,361.38,1.04,940,6.026872146,476030
CHEMBL342654,COc1ccc(S(=O)(=O)c2ccc3nc(N)nc(N)c3n2)cc1,331.36,1.03,1000,6,476029
CHEMBL337746,COc1ccccc1S(=O)(=O)c1ccc2nc(N)nc(N)c2n1,331.36,1.03,209.9966667,6.677787599,476028
CHEMBL137981,COc1ccc(Sc2ccc3nc(N)nc(N)c3n2)cc1OC,329.39,2.36,19.00333333,7.721170214,476027
CHEMBL137844,COc1ccc(Sc2ccc3nc(N)nc(N)c3n2)cc1,299.36,2.35,45,7.346787486,476026
CHEMBL142081,COc1ccccc1Sc1ccc2nc(N)nc(N)c2n1,299.36,2.35,57.98,7.236721789,476025
CHEMBL121348,CN(CC1CCc2nc(N)nc(N)c2C1)c1cccc2ccccc12,333.44,3.04,23,7.638272164,475796
CHEMBL121264,Nc1nc(N)c2c(n1)CCC(CNc1cccc3ccccc13)C2,319.41,3.01,35.99,7.443818153,475795
CHEMBL331351,Nc1nc(N)c2c(CNc3cc(Cl)c(-n4cccc4)c(Cl)c3)c(Br)sc2n1,484.21,5.33,26000,4.585026652,473739
CHEMBL433021,COc1ccc(OC)c(N(C)Cc2c(Br)sc3nc(N)nc(N)c23)c1,424.32,3.27,10000,5,473738
CHEMBL122214,COc1cc(N(C)Cc2c(Br)sc3nc(N)nc(N)c23)cc(OC)c1OC,454.35,3.28,127000,3.896196279,473737
CHEMBL122259,COc1ccc(OC)c(NCc2c(Br)sc3nc(N)nc(N)c23)c1,410.3,3.25,100000,4,473736
CHEMBL331682,COc1cc(NCc2c(Br)sc3nc(N)nc(N)c23)cc(OC)c1OC,440.32,3.26,34000,4.468521083,473735
CHEMBL103971,CCc1nc(N)nc(N)c1-c1ccc(N(C)Cc2ccc(C3=NC(C)(C)CO3)cc2)c([N+](=O)[O-])c1,475.55,3.97,14,7.853871964,473734
CHEMBL318601,Nc1nc(N)c2[nH]c(-c3c(Cl)cccc3Cl)nc2n1,295.13,2.49,11000,4.958607315,473574
CHEMBL312688,Nc1nc(N)c2nc(-c3ccc(Cl)c(Cl)c3)[nH]c2n1,295.13,2.49,6720.276667,5.172612847,473573
CHEMBL102518,COc1ccc(-c2nc3c(N)nc(N)nc3[nH]2)cc1OC,286.3,1.2,14175.12667,4.848473052,473572
CHEMBL105323,COc1cc(OC)cc(-c2nc3c(N)nc(N)nc3[nH]2)c1,286.3,1.2,3006.65,5.521917125,473571
CHEMBL106070,COc1ccc(OC)c(-c2nc3c(N)nc(N)nc3[nH]2)c1,286.3,1.2,1699.413333,5.769700979,473570
CHEMBL105523,COc1cc(OC)c(-c2nc3c(N)nc(N)nc3[nH]2)cc1OC,316.32,1.21,1504.52,5.822602035,473569
CHEMBL103474,COc1cc(OC)c(-c2nc3c(N)nc(N)nc3[nH]2)c(OC)c1,316.32,1.21,837.2533333,6.077143115,473568
CHEMBL105759,COc1ccc(-c2nc3c(N)nc(N)nc3[nH]2)c(OC)c1OC,316.32,1.21,1806.566667,5.743146007,473567
CHEMBL431257,COc1cc(-c2nc3c(N)nc(N)nc3[nH]2)cc(OC)c1OC,316.32,1.21,2195.92,5.658383486,473566
CHEMBL309966,Cc1c(CN(C)c2ccccc2Cl)cnc2nc(N)nc(N)c12,328.81,2.79,18,7.744727495,472909
CHEMBL79347,Cc1c(CN(C)c2ccc(Br)cc2)cnc2nc(N)nc(N)c12,373.26,2.9,29.99666667,7.522927003,472908
CHEMBL310880,Cc1c(CN(C)c2ccc(Cl)cc2)cnc2nc(N)nc(N)c12,328.81,2.79,3.9196,8.406758251,472907
CHEMBL79123,Cc1c(CNc2ccccc2)cnc2nc(N)nc(N)c12,280.33,2.11,17,7.769551079,472906
CHEMBL79922,COc1cccc(N(C)Cc2cnc3nc(N)nc(N)c3c2C)c1,324.39,2.14,6.3,8.200659451,472905
CHEMBL80065,Cc1c(CNc2ccc(Br)cc2)cnc2nc(N)nc(N)c12,359.23,2.87,9.499666667,8.022291633,472904
CHEMBL84457,COc1ccccc1NCc1cnc2nc(N)nc(N)c2c1C,310.36,2.12,16.7592,7.775746716,472903
CHEMBL81119,Cc1c(CNc2ccccc2Cl)cnc2nc(N)nc(N)c12,314.78,2.76,7.098666667,8.148823217,470264
CHEMBL6899,COc1cc(CN2CCc3nc(N)nc(N)c3C2)cc(OC)c1OC,345.4,1.23,200,6.698970004,469854
CHEMBL7139,COc1ccc(OC)c(CN2CCc3nc(N)nc(N)c3C2)c1,315.38,1.22,300,6.522878745,469853
CHEMBL368645,COc1cc(N2C=Cc3c(cnc4nc(N)nc(N)c34)C2)cc(OC)c1OC,380.41,2.21,759.99,6.119192122,469609
CHEMBL357629,COc1ccc(-c2ccccc2)cc1NCc1cnc2nc(N)nc(N)c2c1C,386.46,3.79,68,7.167491087,469435
CHEMBL144563,Cc1c(C)c(-n2cccc2)c(C)c(C)c1NCc1cnc2nc(N)nc(N)c2c1C,401.52,4.13,75,7.124938737,469434
CHEMBL356722,COc1cc(NCc2cnc3nc(N)nc(N)c3c2C)c(-n2cccc2)cc1OC,405.46,2.92,600,6.22184875,469433
CHEMBL435479,COc1cc(-n2cccc2)c(OC)cc1NCc1cnc2nc(N)nc(N)c2c1C,405.46,2.92,33,7.48148606,469432
CHEMBL147886,COc1cc2c(cc1OC)CN(Cc1cnc3nc(N)nc(N)c3c1C)CC2,380.45,2.07,109.9666667,6.958738939,469431
CHEMBL358297,COc1ccc2c(ccn2Cc2cnc3nc(N)nc(N)c3c2C)c1,334.38,2.51,77.03,7.113340102,469430
CHEMBL423560,COc1cc2c(cc1OC)N(Cc1cnc3nc(N)nc(N)c3c1C)CC2,366.43,2.08,49,7.30980392,469429
CHEMBL146438,COc1ccc2c(c1)CCN2Cc1cnc2nc(N)nc(N)c2c1C,336.4,2.07,57,7.244125144,469428
CHEMBL359454,COc1cccc2c1CCN2Cc1cnc2nc(N)nc(N)c2c1C,336.4,2.07,48,7.318758763,469427
CHEMBL145691,COc1ccc(CCC2CNc3nc(N)nc(N)c3C2)cc1OC,329.4,1.88,1100,5.958607315,469415
CHEMBL423558,COc1cc(CCC2CNc3nc(N)nc(N)c3C2)cc(OC)c1OC,359.43,1.88,721.78,6.141595156,469414
CHEMBL145528,COc1ccc(CCc2cnc3nc(N)nc(N)c3c2)cc1,295.35,1.98,250.01,6.60204262,469413
CHEMBL145068,COc1ccc(CCc2cnc3nc(N)nc(N)c3c2)cc1OC,325.37,1.99,199.9966667,6.698977243,469412
CHEMBL142624,COc1cc(CCc2cnc3nc(N)nc(N)c3c2)cc(OC)c1OC,355.4,2,199.9966667,6.698977243,469411
CHEMBL356490,CCN(Cc1cnc2nc(N)nc(N)c2c1)c1cc(OC)c(OC)c(OC)c1,384.44,2.24,49,7.30980392,469406
CHEMBL142741,COc1cc(N(C)Cc2cnc3nc(N)nc(N)c3c2)cc(OC)c1OC,370.41,1.85,8.999666667,8.045773576,469405
CHEMBL17044,COc1ccc(OC)c(NCc2coc3nc(N)nc(N)c23)c1,315.33,2.02,21000,4.677780705,468712
CHEMBL274278,Nc1nc(N)c2c(CNc3ccc(Cl)c(Cl)c3)coc2n1,324.17,3.31,89241.69667,4.049432181,468711
CHEMBL17235,Nc1nc(N)c2c(CNc3cc(Cl)c(Cl)c(Cl)c3)coc2n1,358.62,3.96,3900,5.408935393,468710
CHEMBL16950,COc1cc(NCc2coc3nc(N)nc(N)c23)cc(OC)c1OC,345.36,2.03,4000,5.397940009,468709
CHEMBL17383,Nc1nc(N)c2c(CNc3ccc(C(=O)NC(CCC(=O)O)C(=O)O)cc3)coc2n1,428.41,1.05,700,6.15490196,468708
CHEMBL296382,COc1ccc(NCc2ccc3nc(N)nc(N)c3n2)c(OC)c1,326.36,1.82,139.9866667,6.853913328,466055
CHEMBL299140,Nc1nc(N)c2nc(CNc3cccc4ccccc34)ccc2n1,316.37,2.95,26,7.585026652,466054
CHEMBL292143,Nc1nc(N)c2nc(CSc3ccc4ccccc4c3)ccc2n1,333.42,3.63,48,7.318758763,466053
CHEMBL55656,Nc1nc(N)c2nc(CSc3cccc4ccccc34)ccc2n1,333.42,3.63,49,7.30980392,466052
CHEMBL292634,Nc1nc(N)c2nc(CNc3ccc(Cl)cc3Cl)ccc2n1,335.2,3.11,50,7.301029996,466051
CHEMBL300886,Nc1nc(N)c2nc(CSc3ccccc3)ccc2n1,283.36,2.48,129.9966667,6.886067784,466050
CHEMBL23492,Nc1nc(N)c2cc(CNc3ccc(Cl)cc3)cnc2n1,300.75,2.45,300,6.522878745,464994
CHEMBL23416,Cc1c(CNc2ccc(Cl)cc2)cnc2nc(N)nc(N)c12,314.78,2.76,19.00333333,7.721170214,464992
CHEMBL23286,COc1ccc(SCc2cnc3nc(N)nc(N)c3n2)cc1OC,344.4,1.89,23200,4.634512015,464985
CHEMBL23911,COc1ccc(SCc2cnc3nc(N)nc(N)c3c2C)cc1,327.41,2.8,63,7.200659451,464984
CHEMBL24344,Cc1ccc(SCc2cnc3nc(N)nc(N)c3c2C)cc1,311.41,3.1,57,7.244125144,464980
CHEMBL291239,Cc1c(CSc2ccccc2)cnc2nc(N)nc(N)c12,297.39,2.79,34,7.468521083,464975
CHEMBL54399,CN(Cc1ccc2nc(N)nc(N)c2n1)c1cccc(Cl)c1,314.78,2.48,20,7.698970004,464891
CHEMBL89528,CN(Cc1ccc2nc(N)nc(N)c2n1)c1ccc(Cl)cc1,314.78,2.48,15,7.823908741,464890
CHEMBL52688,COc1cc(N(C)Cc2ccc3nc(N)nc(N)c3n2)cc(OC)c1OC,370.41,1.85,24.35,7.613501034,464889
CHEMBL23076,COc1ccc(C(F)(F)F)cc1N(C)Cc1cnc2nc(N)nc(N)c2c1C,392.39,3.16,38,7.420216403,464035
CHEMBL24007,Cc1c(CSc2cccc(Cl)c2)cnc2nc(N)nc(N)c12,331.83,3.44,90,7.045757491,464034
CHEMBL23244,COc1ccc(SCc2cnc3nc(N)nc(N)c3c2C)cc1OC,357.44,2.81,30,7.522878745,464033
CHEMBL23272,Cc1cccc(SCc2cnc3nc(N)nc(N)c3c2C)c1,311.41,3.1,65,7.187086643,464024
CHEMBL277217,COc1cccc(SCc2cnc3nc(N)nc(N)c3c2C)c1,327.41,2.8,110,6.958607315,464023
CHEMBL22677,Cc1c(CSc2ccc(Cl)cc2)cnc2nc(N)nc(N)c12,331.83,3.44,90,7.045757491,464022
CHEMBL286820,Cc1cccc(SCc2cnc3nc(N)nc(N)c3n2)c1,298.38,2.18,1800,5.744727495,464021
CHEMBL23425,Cc1ccc(SCc2cnc3nc(N)nc(N)c3n2)cc1,298.38,2.18,15000,4.823908741,464020
CHEMBL23146,COc1ccc(SCc2cnc3nc(N)nc(N)c3n2)cc1,314.37,1.89,14000,4.853871964,464019
CHEMBL23380,COc1cccc(SCc2cnc3nc(N)nc(N)c3n2)c1,314.37,1.89,1600,5.795880017,464018
CHEMBL409194,Nc1nc(N)c2nc(CSc3cccc(Cl)c3)cnc2n1,318.79,2.53,5700,5.244125144,464015
CHEMBL23787,Nc1nc(N)c2nc(CSc3ccc(Cl)cc3)cnc2n1,318.79,2.53,16800,4.774690718,464014
CHEMBL52433,CCN(Cc1cnc2nc(N)nc(N)c2c1C)c1cc(OC)c(OC)c(OC)c1,398.47,2.55,2.7,8.568636236,462577
CHEMBL53693,COc1cc(N(Cc2cnc3nc(N)nc(N)c3c2C)C(C)C)cc(OC)c1OC,412.49,2.94,6.7,8.173925197,462576
CHEMBL49454,C#CCN(Cc1cnc2nc(N)nc(N)c2c1C)c1cc(OC)c(OC)c(OC)c1,408.46,2.16,7.7,8.113509275,462575
CHEMBL53903,COc1ccc(NCc2cnc3nc(N)nc(N)c3c2C)c2ccccc12,360.42,3.27,23,7.638272164,462574
CHEMBL176332,COc1cc(CCCC2CCc3nc(N)nc(N)c32)cc(OC)c1OC,358.44,2.72,140,6.853871964,462131
CHEMBL172353,COc1cc(CCC2CCc3nc(N)nc(N)c32)cc(OC)c1OC,344.42,2.33,1400,5.853871964,462130
CHEMBL115804,COc1ccc(CN(C)c2ccc3nc(N)nc(N)c3c2)c(OC)c1,339.4,2.45,39,7.408935393,462129
CHEMBL367802,CN(Cc1cccc2ccccc12)c1ccc2nc(N)nc(N)c2c1,329.41,3.58,115.495,6.937436817,462128
CHEMBL114833,COc1cc(OC)c(OC)cc1CNc1ccc2nc(N)nc(N)c2c1,355.4,2.43,123.96,6.906718432,462127
CHEMBL179102,Nc1nc(N)c2cc(NCc3cccc4ccccc34)ccc2n1,315.38,3.56,98.995,7.00438674,462126
CHEMBL117750,COc1ccc(CN(C)c2ccc3nc(N)nc(N)c3c2)c(OC)c1OC,369.43,2.46,16.99333333,7.769721424,462125
CHEMBL114058,COc1cc(OC)c(CNc2ccc3nc(N)nc(N)c3c2)c(OC)c1,355.4,2.43,850,6.070581074,462124
CHEMBL113816,COc1cc(CN(C)c2ccc3nc(N)nc(N)c3c2)cc(OC)c1,339.4,2.45,9.296666667,8.03167274,462123
CHEMBL116637,COc1ccc(CNc2ccc3nc(N)nc(N)c3c2)c(OC)c1OC,355.4,2.43,190.0366667,6.721162596,462122
CHEMBL116200,COc1ccc(CNc2ccc3nc(N)nc(N)c3c2)c(OC)c1,325.37,2.42,169.94,6.769704386,462121
CHEMBL115474,Nc1nc(N)c2cc(NCc3ccccc3)ccc2n1,265.32,2.41,319.9866667,6.494868118,462120
CHEMBL116815,COc1cc(CNc2ccc3nc(N)nc(N)c3c2)cc(OC)c1,325.37,2.42,120.0033333,6.92080669,462119
CHEMBL116816,COc1ccc(OC)c(CNc2ccc3nc(N)nc(N)c3c2)c1,325.37,2.42,160,6.795880017,462118
CHEMBL23374,Cc1c(CCc2cccc3ccccc23)cnc2nc(N)nc(N)c12,329.41,3.44,26,7.585026652,462113
CHEMBL80066,Cc1c(CNc2cccc(Cl)c2)cnc2nc(N)nc(N)c12,314.78,2.76,10.99666667,7.958738939,462111
CHEMBL52930,CN(Cc1ccc2nc(N)nc(N)c2n1)c1c(Cl)cc(Cl)cc1Cl,383.67,3.79,44,7.356547324,462110
CHEMBL445359,CN(Cc1ccc2nc(N)nc(N)c2n1)c1c(Cl)cccc1Cl,349.23,3.13,29.99666667,7.522927003,462109
CHEMBL53318,CN(Cc1ccc2nc(N)nc(N)c2n1)c1ccccc1Cl,314.78,2.48,15,7.823908741,462108
CHEMBL55191,CN(Cc1ccc2nc(N)nc(N)c2n1)c1cc(Cl)ccc1Cl,349.23,3.13,25,7.602059991,462107
CHEMBL292212,Nc1nc(N)c2nc(CNc3cc(Cl)ccc3Cl)ccc2n1,335.2,3.11,90.99666667,7.040974516,462106
CHEMBL54732,CN(Cc1ccc2nc(N)nc(N)c2n1)c1ccc(Cl)cc1Cl,349.23,3.13,50,7.301029996,462105
CHEMBL52698,CN(Cc1ccc2nc(N)nc(N)c2n1)c1cc(Cl)c(Cl)c(Cl)c1,383.67,3.79,38,7.420216403,462104
CHEMBL55063,CN(Cc1ccc2nc(N)nc(N)c2n1)c1ccccc1,280.33,1.83,5.878333333,8.230745791,462103
CHEMBL300603,CN(Cc1ccc2nc(N)nc(N)c2n1)c1ccc(Cl)c(Cl)c1,349.23,3.13,27,7.568636236,462102
CHEMBL53974,COc1ccccc1N(C)Cc1ccc2nc(N)nc(N)c2n1,310.36,1.83,26,7.585026652,462101
CHEMBL54538,CN(Cc1ccc2nc(N)nc(N)c2n1)c1cccc2ccccc12,330.39,2.98,18,7.744727495,462100
CHEMBL55727,CN(Cc1ccc2nc(N)nc(N)c2n1)c1ccc2ccccc2c1,330.4,2.98,16,7.795880017,462099
CHEMBL54792,COc1cccc(N(C)Cc2ccc3nc(N)nc(N)c3n2)c1,310.36,1.83,15,7.823908741,462098
CHEMBL299174,COc1ccc(N(C)Cc2ccc3nc(N)nc(N)c3n2)c(OC)c1,340.39,1.84,14,7.853871964,462097
CHEMBL57624,COc1ccc(N(C)Cc2ccc3nc(N)nc(N)c3n2)cc1OC,340.39,1.84,9.798333333,8.00884779,462096
CHEMBL23054,COc1ccc(OC)c(N(C)Cc2coc3nc(N)nc(N)c23)c1,329.36,2.04,27000,4.568636236,462095
CHEMBL22561,CN(Cc1coc2nc(N)nc(N)c12)c1ccc2ccccc2c1,319.37,3.18,23600,4.627087997,462094
CHEMBL101908,Nc1nc(N)c2nc(CSc3ccc4ccccc4c3)[nH]c2n1,322.4,2.96,45000,4.346787486,462087
CHEMBL102432,COc1ccc(OC)c(NCc2nc3c(N)nc(N)nc3[nH]2)c1,315.34,1.15,49000,4.30980392,462086
CHEMBL102444,COc1cc(NCc2nc3[nH]c(N)nc(N)c-3n2)cc(OC)c1OC,345.36,1.11,34000,4.468521083,462085
CHEMBL138265,COc1cc(CN(C)c2ccc3nc(N)nc(N)c3c2Cl)cc(OC)c1OC,403.87,3.11,16,7.795880017,461926
CHEMBL141469,COc1cc(CCCNc2ccc3nc(N)nc(N)c3c2Cl)cc(OC)c1OC,417.9,3.52,14000,4.853871964,461925
CHEMBL141417,COc1cc(CCNc2ccc3nc(N)nc(N)c3c2Cl)cc(OC)c1OC,403.87,3.13,2600,5.585026652,461924
CHEMBL137942,COc1cc(CNc2ccc3nc(N)nc(N)c3c2Cl)cc(OC)c1OC,389.84,3.09,7,8.15490196,461923
CHEMBL138625,COc1ccc(OC)c(CCCNc2ccc3nc(N)nc(N)c3c2Cl)c1,387.87,3.51,1000,6,461922
CHEMBL141903,COc1ccc(OC)c(CCNc2ccc3nc(N)nc(N)c3c2Cl)c1,373.84,3.12,990,6.004364805,461921
CHEMBL138060,COc1ccc(OC)c(CNc2ccc3nc(N)nc(N)c3c2Cl)c1,359.82,3.08,17,7.769551079,461920
CHEMBL328897,COc1cc(N(C)Cc2ccc3nc(N)nc(N)c3c2Cl)cc(OC)c1OC,403.87,3.11,6.4,8.193820026,461919
CHEMBL88555,COc1cc(NCc2ccc3nc(N)nc(N)c3c2Cl)cc(OC)c1OC,389.84,3.09,5.2,8.283996656,461918
CHEMBL88430,COc1ccc(OC)c(NCc2ccc3nc(N)nc(N)c3c2Cl)c1,359.82,3.08,30,7.522878745,461917
CHEMBL23383,Cc1ccc(C)c(NCc2cnc3nc(N)nc(N)c3c2C)c1,308.39,2.73,16,7.795880017,460024
CHEMBL23220,Cc1c(CN(C)c2cccc3c2CCCC3)cnc2nc(N)nc(N)c12,348.45,3.01,16,7.795880017,459887
CHEMBL22477,Nc1nc(N)c2c(COc3ccc4ccccc4c3)coc2n1,306.32,3.12,42000,4.37675071,457780
CHEMBL51706,Nc1nc(N)c2nc(CNc3c(Cl)cc(Cl)cc3Cl)ccc2n1,369.64,3.76,46,7.337242168,457779
CHEMBL52947,COc1ccc(OC)c(NCc2ccc3nc(N)nc(N)c3n2)c1,326.36,1.82,120.0033333,6.92080669,457778
CHEMBL301105,COc1ccc(OC)c(N(C)Cc2ccc3nc(N)nc(N)c3n2)c1,340.39,1.84,100,7,457777
CHEMBL52777,COc1ccc(NCc2ccc3nc(N)nc(N)c3n2)cc1,296.33,1.81,54,7.26760624,457776
CHEMBL54913,Nc1nc(N)c2nc(CNc3c(Cl)cccc3Cl)ccc2n1,335.2,3.11,28,7.552841969,457775
CHEMBL53420,Nc1nc(N)c2nc(CNc3cc(Cl)c(Cl)c(Cl)c3)ccc2n1,369.64,3.76,87.03333333,7.060314383,457774
CHEMBL54733,Nc1nc(N)c2nc(CNc3ccccc3)ccc2n1,266.31,1.8,84.97333333,7.070717345,457773
CHEMBL55049,CN(Cc1ccc2nc(N)nc(N)c2n1)c1ccc(C(=O)C(F)(F)F)cc1,376.34,2.57,46,7.337242168,457771
CHEMBL55012,CC(=O)c1ccc(N(C)Cc2ccc3nc(N)nc(N)c3n2)cc1,322.37,2.03,15,7.823908741,457769
CHEMBL301795,CC(=O)c1ccc(NCc2ccc3nc(N)nc(N)c3n2)cc1,308.35,2,27,7.568636236,457768
CHEMBL23353,Nc1nc(N)c2c(CNc3ccccc3Oc3ccccc3)coc2n1,347.38,3.79,12000,4.920818754,457765
CHEMBL23297,Nc1nc(N)c2c(CNc3ccc(Oc4ccccc4)cc3)coc2n1,347.38,3.79,32383.748,4.489672889,457764
CHEMBL23960,Nc1nc(N)c2c(CNc3ccccc3-c3ccccc3)coc2n1,331.38,3.67,45400,4.342944147,457763
CHEMBL102418,CCc1nc(N)nc(N)c1-c1ccc(N(C)Cc2ccc(C(=O)NC)cc2)c([N+](=O)[O-])c1,435.49,2.77,7.4,8.13076828,457757
CHEMBL102850,CCc1nc(N)nc(N)c1-c1ccc(N(C)Cc2ccc(C(=O)O)cc2)c([N+](=O)[O-])c1,422.45,3.11,3.1,8.508638306,457754
CHEMBL415962,COc1ccc(N(C)Cc2ccc3nc(N)nc(N)c3n2)cc1,310.36,1.83,16,7.795880017,457752
CHEMBL55179,COc1cc(NCc2ccc3nc(N)nc(N)c3n2)cc(OC)c1OC,356.39,1.83,39.99666667,7.397976201,457751
CHEMBL53165,Nc1nc(N)c2nc(CNc3ccccc3Cl)ccc2n1,300.75,2.45,109.9666667,6.958738939,457750
CHEMBL54523,COc1ccccc1NCc1ccc2nc(N)nc(N)c2n1,296.33,1.81,120.0033333,6.92080669,457749
CHEMBL52836,COc1cccc(NCc2ccc3nc(N)nc(N)c3n2)c1,296.33,1.81,100,7,457748
CHEMBL54618,Nc1nc(N)c2nc(CNc3cccc(Cl)c3)ccc2n1,300.75,2.45,129.9966667,6.886067784,457747
CHEMBL55928,COc1ccc(NCc2ccc3nc(N)nc(N)c3n2)cc1OC,326.36,1.82,89.99666667,7.045773576,457746
CHEMBL417746,Nc1nc(N)c2nc(CNc3ccc4ccccc4c3)ccc2n1,316.37,2.95,159.9966667,6.795889065,457745
CHEMBL292427,Nc1nc(N)c2nc(CNc3ccc(Cl)c(Cl)c3)ccc2n1,335.2,3.11,57,7.244125144,457744
CHEMBL287579,Nc1nc(N)c2c3c(oc2n1)CN(Cc1ccc(Cl)cc1Cl)CC3,364.24,3.25,13100,4.882728704,457743
CHEMBL30403,Nc1nc(N)c2c3c(oc2n1)CN(Cc1ccccc1)CC3,295.35,1.95,1400,5.853871964,457742
CHEMBL105906,Nc1nc(N)c2nc(-c3ccc4ccccc4c3)[nH]c2n1,276.3,2.34,26971.78333,4.569090338,457741
CHEMBL106383,COc1ccc(-c2nc3[nH]c(N)nc(N)c-3n2)c2ccccc12,306.33,2.3,13000,4.886056648,457740
CHEMBL317618,Nc1nc(N)c2[nH]c(-c3ccncc3)nc2n1,227.23,0.58,20000,4.698970004,457739
CHEMBL103203,Nc1nc(N)c2nc(-c3ccc(-c4ccccc4)cc3)[nH]c2n1,302.34,2.85,32971.03667,4.481867398,457738
CHEMBL421594,COc1ccc(-c2nc3c(N)nc(N)nc3[nH]2)c(OC)c1,286.3,1.2,2399.61,5.619859337,457736
CHEMBL102303,Nc1nc(N)c2nc(Cc3ccccc3)[nH]c2n1,240.27,1.11,500.3966667,6.300685592,457735
CHEMBL279914,Nc1nc(N)c2c(CNc3ccc4ccccc4c3)coc2n1,305.34,3.15,38000,4.420216403,457719
CHEMBL23846,Nc1nc(N)c2c(CNc3cccc4ccccc34)coc2n1,305.34,3.15,37000,4.431798276,457718
CHEMBL283515,Nc1nc(N)c2c(CSc3cccc4ccccc34)coc2n1,322.39,3.83,19002.695,4.721184802,457717
CHEMBL105020,COc1cc(-c2nc3c(N)nc(N)nc3[nH]2)cc(OC)c1O,302.29,0.91,1000,6,457716
CHEMBL104787,COc1ccc(OC)c(Cc2sc3nc(N)nc(N)c3c2C)c1,330.41,2.77,70,7.15490196,457373
CHEMBL23227,Cc1cc(Cl)ccc1NCc1ccc2nc(N)nc(N)c2c1,313.79,3.37,33,7.48148606,457369
CHEMBL279983,COc1ccc(NCc2cnc3nc(N)nc(N)c3c2C)c(OC)c1,340.39,2.13,56.49666667,7.247977175,457355
CHEMBL283518,COc1ccc(NCc2cnc3nc(N)nc(N)c3c2C)cc1OC,340.39,2.13,8.796666667,8.055681864,457354
CHEMBL282948,Cc1c(CNc2cccc3c2CCCC3)cnc2nc(N)nc(N)c12,334.43,2.99,26,7.585026652,457353
CHEMBL279680,COc1ccc(N(C)Cc2cnc3nc(N)nc(N)c3c2C)cc1OC,354.41,2.15,29,7.537602002,457352
CHEMBL23705,COc1ccc(N(C)Cc2cnc3nc(N)nc(N)c3c2C)c(OC)c1,354.41,2.15,38,7.420216403,457351
CHEMBL23844,CCOc1ccc(OCC)c(N(C)Cc2cnc3nc(N)nc(N)c3c2C)c1,382.47,2.93,100,7,457350
CHEMBL279679,CCOc1ccc(OCC)c(NCc2cnc3nc(N)nc(N)c3c2C)c1,368.44,2.91,16.99333333,7.769721424,457349
CHEMBL23382,COc1ccc(NCc2cnc3nc(N)nc(N)c3c2C)c(C)c1,324.39,2.43,7.2,8.142667504,457346
CHEMBL281803,COc1ccc(OC)c(N(C)Cc2cnc3nc(N)nc(N)c3c2C)c1,354.41,2.15,30.1,7.521433504,457345
CHEMBL22543,COc1ccc(OC)c(N(C)Cc2cnc3nc(N)nc(N)c3n2)c1,341.38,1.24,210,6.677780705,457344
CHEMBL279705,COc1ccc(C)cc1NCc1cnc2nc(N)nc(N)c2c1C,324.39,2.43,15,7.823908741,457343
CHEMBL23963,COc1cc(NCc2cnc3nc(N)nc(N)c3c2C)cc(C(F)(F)F)c1,378.36,3.14,18,7.744727495,457342
CHEMBL23211,Nc1nc(N)c2cc(CNc3cccc4ccccc34)ccc2n1,315.38,3.56,27,7.568636236,457341
CHEMBL23454,COc1ccc(OC)c(NCc2ccc3nc(N)nc(N)c3c2)c1,325.37,2.42,140,6.853871964,457340
CHEMBL23495,COc1ccc(C(F)(F)F)cc1NCc1cnc2nc(N)nc(N)c2n1,365.32,2.22,10600,4.974694135,457339
CHEMBL23466,COc1cc(NCc2cnc3nc(N)nc(N)c3n2)cc(C(F)(F)F)c1,365.32,2.22,890,6.050609993,457338
CHEMBL281131,COc1cccc(C)c1NCc1cnc2nc(N)nc(N)c2c1C,324.39,2.43,100,7,457337
CHEMBL23713,COc1ccc(C)c(NCc2cnc3nc(N)nc(N)c3c2C)c1,324.39,2.43,23,7.638272164,457336
CHEMBL23657,COc1cccc(C)c1NCc1cnc2nc(N)nc(N)c2n1,311.35,1.51,1850,5.732828272,457335
CHEMBL23560,COc1ccc(C)c(NCc2cnc3nc(N)nc(N)c3n2)c1,311.35,1.51,440,6.356547324,457334
CHEMBL82924,Cc1c(CN(C)c2cc(Cl)c(Cl)c(Cl)c2)cnc2nc(N)nc(N)c12,397.7,4.09,38.1,7.419075024,457122
CHEMBL334271,Cc1c(CN(C=O)c2cc(Cl)c(Cl)c(Cl)c2)cnc2nc(N)nc(N)c12,411.68,3.62,93.99666667,7.026887547,456897
CHEMBL420224,Cc1c(CNc2cc(Cl)c(Cl)c(Cl)c2)cnc2nc(N)nc(N)c12,383.67,4.07,12,7.920818754,456896
CHEMBL82975,Cc1c(CN(C)c2ccc(Cl)c(Cl)c2)cnc2nc(N)nc(N)c12,363.25,3.44,27,7.568636236,456895
CHEMBL116614,Cc1c(CN(C=O)c2ccc(Cl)c(Cl)c2)cnc2nc(N)nc(N)c12,377.24,2.97,83,7.080921908,456894
CHEMBL81820,Cc1c(CNc2ccc(Cl)c(Cl)c2)cnc2nc(N)nc(N)c12,349.23,3.42,28,7.552841969,456893
CHEMBL23919,COc1cc(NCc2cnc3nc(N)nc(N)c3n2)cc(OC)c1,327.35,1.21,110,6.958607315,456432
CHEMBL23402,COc1ccc(OC)c(NCc2cnc3nc(N)nc(N)c3n2)c1,327.35,1.21,6900,5.161150909,456431
CHEMBL23459,COc1cc(NCc2cnc3nc(N)nc(N)c3n2)cc(OC)c1OC,357.37,1.22,1000,6,456430
CHEMBL22434,Nc1nc(N)c2nc(CSc3cccc4ccccc34)cnc2n1,334.41,3.03,7000,5.15490196,456341
CHEMBL284544,COc1ccc(OC)c(CCc2cnc3nc(N)nc(N)c3c2C)c1,339.4,2.3,7.9,8.102372909,456306
CHEMBL287511,COc1ccc(OC)c(CCc2cnc3nc(N)nc(N)c3n2)c1,326.36,1.39,5400,5.26760624,456302
CHEMBL23584,Cc1c(CSc2cccc3ccccc23)cnc2nc(N)nc(N)c12,347.45,3.94,30,7.522878745,456272
CHEMBL22924,Nc1nc(N)c2cc(CNc3cccc4ccccc34)cnc2n1,316.37,2.95,150,6.823908741,456245
CHEMBL276954,Nc1nc(N)c2nc(CCc3cccc4ccccc34)cnc2n1,316.37,2.52,820,6.086186148,456244
CHEMBL317017,Nc1nc(N)c2c3c(sc2n1)CN(Cc1ccccc1)CC3,311.41,2.41,850,6.070581074,456227
CHEMBL115788,COc1cc(N(C=O)Cc2cnc3nc(N)nc(N)c3c2C)cc(OC)c1OC,398.42,1.69,13,7.886056648,456217
CHEMBL23288,COc1cc(NCc2cnc3nc(N)nc(N)c3c2)cc(OC)c1OC,356.39,1.83,299.9733333,6.522917351,456216
CHEMBL23867,Cc1c(CNc2cccc3ccccc23)cnc2nc(N)nc(N)c12,330.39,3.26,14.49666667,7.838731847,456205
CHEMBL23532,COc1cc(NCc2cnc3nc(N)nc(N)c3c2C)cc(OC)c1OC,370.41,2.14,7.4,8.13076828,456204
CHEMBL50514,COc1cc(N(C)Cc2cnc3nc(N)nc(N)c3c2C)cc(OC)c1OC,384.44,2.16,0.748675,9.125706669,447815
CHEMBL32190,COc1cc(CN(C)c2cnc3nc(N)nc(N)c3c2)cc(OC)c1OC,370.41,1.85,14,7.853871964,447229
CHEMBL36245,COc1cc(CN(C)c2cnc3nc(N)nc(N)c3c2)cc(OC)c1,340.39,1.84,30,7.522878745,447022
CHEMBL325434,COc1ccc(OC)c(CN(C)c2ccc3nc(N)nc(N)c3c2)c1,339.4,2.45,29.9975,7.522914938,447021
CHEMBL301769,Nc1nc(N)c2nc(CN3c4ccccc4C=Cc4ccccc43)cnc2n1,367.42,3.41,41.66666667,7.380211242,446744
CHEMBL32113,COc1ccc(OC)c(CN(C)c2cnc3nc(N)nc(N)c3c2)c1,340.39,1.84,15.59928571,7.806895287,444617
CHEMBL22623,COc1cc(OC)cc(N(C)Cc2cnc3nc(N)nc(N)c3c2C)c1,354.41,2.15,57.98,7.236721789,382165
CHEMBL312348,COc1ccc(NCc2cnc3nc(N)nc(N)c3c2C)cc1,310.36,2.12,12,7.920818754,380969
CHEMBL299045,CCc1nc(N)nc(N)c1-c1ccc(Cl)c(N=[N+]=[N-])c1,289.73,3.47,690,6.161150909,343098
CHEMBL55526,CCc1nc(N)nc(N)c1-c1ccc(Cl)c(/N=C/N(C)C)c1,318.81,2.75,1600,5.795880017,341268
CHEMBL59530,CCc1nc(N)nc(N)c1-c1ccc(Cl)c([N+](=O)[O-])c1,293.71,2.43,13,7.886056648,327404
CHEMBL50597,Nc1nc(N)c2nc(C(=O)c3ccccc3)c(-c3ccccc3)nc2n1,342.36,2.48,860,6.065501549,322498
CHEMBL23092,Nc1nc(N)c2cc(CNc3ccc(Cl)cc3)ccc2n1,299.76,3.06,75,7.124938737,317602
CHEMBL26006,Nc1nc(N)c2nc(CNc3cccc4ccccc34)cnc2n1,317.36,2.35,76,7.119186408,314924
CHEMBL279243,Nc1nc(N)c2nc(CSc3ccccc3)cnc2n1,284.35,1.88,770,6.113509275,314604
CHEMBL22672,Nc1nc(N)c2nc(CNc3ccc(Cl)cc3)cnc2n1,301.74,1.85,590,6.229147988,314603
CHEMBL113999,COc1cc(CNc2ccc3nc(N)nc(N)c3c2)cc(OC)c1OC,355.4,2.43,84,7.075720714,291270
CHEMBL275309,Nc1nc(N)c2cc(CNc3ccc(C(=O)NC(CCC(=O)O)C(=O)O)cc3)cnc2n1,439.43,0.85,0.0021,11.67778071,269323
CHEMBL48189,Cc1cccc(-c2nc3c(N)nc(N)nc3nc2N)c1,267.3,1.14,18,7.744727495,227595
CHEMBL48296,Nc1nc(N)c2nc(-c3ccccc3)c(-c3ccccc3)nc2n1,314.35,2.92,240,6.619788758,223355
CHEMBL104829,CN(Cc1coc2nc(N)nc(N)c12)c1ccc(C(=O)N[C@@H](CCC(=O)O)C(=O)O)cc1,442.43,1.07,19800,4.70333481,158376
CHEMBL106628,Nc1nc(N)c2c(CNc3ccc(C(=O)N[C@@H](CCC(=O)O)C(=O)O)cc3)coc2n1,428.41,1.05,700,6.15490196,158351
CHEMBL1530518,COC(=O)Nc1nc2cc(-c3nnc(O)c4ccccc34)ccc2[nH]1,335.32,3.06,110666.6667,3.955983171,132163
CHEMBL34259,CN(Cc1cnc2nc(N)nc(N)c2n1)c1ccc(C(=O)N[C@@H](CCC(=O)O)C(=O)O)cc1,454.45,0.27,23.685,7.625526611,126941
CHEMBL66077,Nc1nc(N)c2[nH]c(-c3ccccc3)nc2n1,226.24,1.18,28061.27667,4.551892574,99545
CHEMBL23569,COc1cc(NCc2cnc3nc(N)nc(N)c3c2C)cc(OC)c1,340.39,2.13,4.8,8.318758763,72934
CHEMBL281648,COc1ccc(C(F)(F)F)cc1NCc1cnc2nc(N)nc(N)c2c1C,378.36,3.14,22,7.657577319,72509
CHEMBL23021,COc1ccc(OC)c(NCc2cnc3nc(N)nc(N)c3c2C)c1,340.39,2.13,16,7.795880017,72468
CHEMBL56170,CCc1nc(N)nc(N)c1-c1ccc(N(C)Cc2ccccc2)c([N+](=O)[O-])c1,378.44,3.42,91,7.040958608,72438
CHEMBL280378,CCOc1cc(Cc2cnc(N)nc2N)cc(OCC)c1-n1cccc1,353.43,2.82,475,6.32330639,68916
CHEMBL31891,COc1cc(Cc2cnc(N)nc2N)cc(OC)c1Br,339.19,2.01,17,7.769551079,68760
CHEMBL7492,COc1ccc(OC)c(Cc2cnc3nc(N)nc(N)c3c2C)c1,325.37,2.11,13.48888889,7.870023823,54369
CHEMBL119,COc1cc(NCc2ccc3nc(N)nc(N)c3c2C)cc(OC)c1OC,369.43,2.74,10,8,5583
CHEMBL22,COc1cc(Cc2cnc(N)nc2N)cc(OC)c1OC,290.32,1.26,2724.516129,5.564710617,5578
CHEMBL36,CCc1nc(N)nc(N)c1-c1ccc(Cl)cc1,248.72,2.52,314.0833333,6.502955109,4993
CHEMBL278515,CN(Cc1coc2nc(N)nc(N)c12)c1ccc(C(=O)NC(CCC(=O)O)C(=O)O)cc1,442.43,1.07,19800,4.70333481,3439
